siteName,latitude,longitude,age,pollenPercentage,pollenSum,p1,p2,p3,p4,p5,p6,p7,p8,p9,p10,p11,p12,tmin1,tmin2,tmin3,tmin4,tmin5,tmin6,tmin7,tmin8,tmin9,tmin10,tmin11,tmin12,tmax1,tmax2,tmax3,tmax4,tmax5,tmax6,tmax7,tmax8,tmax9,tmax10,tmax11,tmax12,bio1,bio2,bio3,bio4,bio5,bio6,bio7,bio8,bio9,bio10,bio11,bio12,bio13,bio14,bio15,bio16,bio17,bio18,bio19
Goff Lake,44.4525,-109.838611,142.0,0.438596491228,228.0,48.5,34.2,40.2,45.6,51.6,52.6,29.5,37.0,40.0,40.4,37.4,41.2,-15.98,-15.18,-13.19,-8.14,-2.88,0.71,4.08,3.15,-1.16,-5.28,-11.41,-14.7,-3.86,-2.69,-0.47,5.08,11.24,16.35,21.18,20.28,14.56,8.37,0.76,-2.59,34.851666666666667,-48.18166666666667,189.54235510097038,9.3602081826325954,4.0800000000000001,29.5,-25.420000000000002,42.346666666666664,26.013333333333332,46.49666666666667,26.013333333333332,88.21000000000001,21.18,-3.8599999999999999,106.1319868442765,57.810000000000002,-9.1399999999999988,10.890000000000001,-3.0466666666666664
Browns Island,38.04217,-121.86795,27.0,0.00701935165057,14246.33,124.9,100.5,59.7,28.2,13.1,6.0,1.3,1.7,5.3,21.5,41.9,90.8,3.26,4.86,6.17,7.28,9.49,11.75,13.03,12.68,11.74,9.06,5.45,3.33,12.33,15.8,18.59,22.0,25.96,29.83,32.5,31.94,30.12,25.23,18.23,12.82,49.416666666666664,-33.06666666666666,-281.898266552998,38.06089163724652,13.029999999999999,1.3,11.729999999999999,15.25,109.21666666666665,109.21666666666665,15.25,275.34999999999997,32.5,12.33,29.37494241966472,94.560000000000002,40.950000000000003,13.65,31.52
Browns Island,38.04217,-121.86795,220.0,0.00700509200138,14275.33,110.0,94.7,63.8,29.8,12.0,4.7,1.0,1.3,4.9,22.8,44.6,85.3,3.12,4.88,6.33,7.52,9.74,11.94,13.08,12.55,11.43,8.66,5.05,3.04,12.14,15.69,18.52,21.99,26.02,29.95,32.57,31.86,29.82,24.79,17.8,12.5,47.68666666666666,-31.463333333333335,-260.4580573951435,34.641204591577868,13.08,1.0,12.08,14.856666666666667,100.34666666666668,100.34666666666668,14.753333333333332,273.65,32.57,12.140000000000001,29.866127788990802,94.379999999999995,40.329999999999998,13.443333333333333,31.416666666666668
Roe Island,38.0723,-122.032935,-25.0,0.013989604325,14296.33,158.8,133.0,87.9,39.9,15.3,6.7,0.7,2.0,7.7,47.7,95.2,151.8,3.74,4.86,5.31,6.13,8.36,10.92,12.25,12.34,11.79,9.78,6.71,4.39,12.81,15.07,16.97,19.28,22.63,26.2,28.4,28.24,27.36,23.63,18.01,13.52,70.273333333333326,-54.17666666666667,-465.43528064146625,55.286957825110576,12.34,0.69999999999999996,11.640000000000001,15.593333333333334,152.19666666666669,152.19666666666669,14.969999999999999,252.11999999999998,28.399999999999999,12.81,25.247874033927104,84.0,41.399999999999999,13.799999999999999,27.61333333333333
Roe Island,38.0723,-122.032935,1972.0,0.00703218561032,14220.33,173.0,152.0,108.9,51.5,19.6,8.3,0.9,2.4,9.4,58.1,111.6,167.5,3.82,4.98,5.34,5.9,7.71,9.84,10.93,11.06,10.79,9.14,6.39,4.31,12.52,14.45,15.91,17.87,21.08,24.72,27.11,27.22,26.62,23.17,17.76,13.36,79.450833333333321,-64.41583333333334,-634.01410761154864,62.095046428617977,11.06,0.90000000000000002,10.16,15.159999999999998,168.53666666666666,168.53666666666666,14.476666666666667,241.79000000000002,27.219999999999999,12.52,25.051786786659711,80.950000000000003,40.329999999999998,13.443333333333333,26.349999999999998
Bluff Lake,41.346515,-122.55987,10996.0,0.337381916329,1482.0,156.1,149.2,139.7,90.8,48.5,23.4,8.9,12.5,29.3,114.4,221.1,173.7,-5.13,-4.18,-4.25,-2.53,1.68,6.05,9.25,7.58,3.73,-0.81,-3.58,-5.3,4.84,6.83,7.58,10.6,15.98,21.95,27.1,25.49,19.91,12.96,6.61,4.49,97.509166666666673,-97.09083333333335,-27740.238095238128,64.323226035693267,9.25,8.9000000000000004,0.34999999999999964,22.559999999999999,178.96333333333334,178.96333333333334,22.559999999999999,164.34000000000003,27.100000000000001,4.4900000000000002,53.394945034879839,74.539999999999992,15.940000000000001,5.3133333333333335,24.846666666666664
Lilypad Lake,36.98229,-118.99407,4168.0,0.31746031746,315.0,114.9,117.1,109.2,64.4,30.5,19.0,20.9,15.2,16.3,29.7,48.6,106.9,-7.34,-7.43,-7.3,-5.63,-1.67,2.08,6.12,5.17,2.32,-1.25,-5.21,-7.57,8.45,7.96,8.12,10.85,16.19,22.29,27.66,27.01,23.49,18.29,12.4,9.16,55.415833333333332,-60.03416666666667,661.16923641703397,36.410862495124839,6.1200000000000001,15.199999999999999,-9.0799999999999983,22.003333333333334,106.37666666666667,106.37666666666667,22.003333333333334,191.87,27.66,7.96,42.585371524919928,78.159999999999997,24.530000000000001,8.1766666666666676,26.053333333333331
Lilypad Lake,36.98229,-118.99407,5115.0,0.4329004329,231.0,161.2,153.8,126.9,66.6,28.8,16.7,18.6,15.0,18.8,38.6,68.0,152.8,-7.45,-7.43,-7.2,-5.51,-1.63,1.97,5.89,4.89,2.05,-1.49,-5.42,-7.75,8.12,7.58,7.79,10.68,16.26,22.64,28.16,27.51,23.85,18.44,12.34,8.94,69.726666666666674,-74.57333333333334,818.58763263812671,52.939749138892694,5.8899999999999997,15.0,-9.1099999999999994,21.743333333333336,139.94,148.39000000000001,21.016666666666666,192.31,28.16,7.5800000000000001,44.343649047837054,79.52000000000001,23.489999999999998,8.2133333333333329,26.103333333333335
Lilypad Lake,36.98229,-118.99407,7293.0,0.294985250737,339.0,147.0,141.5,128.3,77.9,39.4,26.3,31.1,24.0,26.1,45.3,70.1,146.2,-8.29,-7.96,-7.48,-5.48,-1.26,2.58,6.37,4.83,1.23,-2.85,-6.89,-8.96,7.27,7.14,7.58,10.78,16.78,23.49,28.8,27.32,22.54,16.42,10.31,7.47,72.420000000000002,-78.11333333333333,443.07052372849307,44.612016878863479,6.3700000000000001,24.0,-17.629999999999999,31.726666666666663,136.49666666666667,136.49666666666667,31.209999999999997,185.9,28.800000000000001,7.1399999999999997,47.826560551054556,79.609999999999999,21.879999999999999,7.293333333333333,26.219999999999999
Lilypad Lake,36.98229,-118.99407,10144.0,0.864553314121,347.0,116.4,118.2,116.2,67.0,28.5,15.5,16.8,14.1,18.9,38.9,63.0,121.0,-8.26,-7.98,-7.65,-5.54,-0.87,3.55,7.55,5.7,1.46,-3.09,-7.22,-9.07,7.4,7.29,7.58,10.81,17.11,24.2,29.58,27.73,22.33,15.83,9.78,7.32,58.590000000000011,-63.826666666666675,974.45292620865166,38.359685652170469,7.5499999999999998,14.1,-6.5499999999999998,21.066666666666666,110.09666666666665,110.09666666666665,21.066666666666666,186.95999999999998,29.579999999999998,7.29,48.941758310794661,81.510000000000005,22.010000000000002,7.3366666666666669,27.170000000000002
Lilypad Lake,36.98229,-118.99407,11778.0,0.684931506849,584.0,149.1,130.0,111.3,60.5,27.1,16.9,21.3,19.9,28.3,60.7,98.2,175.4,-9.39,-8.93,-8.27,-5.9,-1.11,3.27,7.2,5.28,0.97,-3.73,-8.09,-10.16,6.43,6.68,7.17,10.52,16.88,23.9,28.98,26.63,20.69,13.91,7.95,5.9,71.653333333333336,-78.13,805.46391752577313,48.492046312313484,7.2000000000000002,16.899999999999999,-9.6999999999999993,24.616666666666664,142.00666666666666,142.00666666666666,24.616666666666664,175.64,28.98,5.9000000000000004,52.281399237754719,79.509999999999991,19.009999999999998,6.336666666666666,26.50333333333333
Lilypad Lake,36.98229,-118.99407,14794.0,0.254452926209,393.0,173.9,170.3,183.5,88.0,24.8,9.0,9.0,10.6,27.1,97.6,178.2,238.1,-10.53,-9.98,-9.21,-7.09,-2.98,0.58,4.16,2.56,-0.95,-4.99,-9.08,-11.24,5.32,5.17,4.99,7.85,14.13,21.41,26.73,24.45,18.5,11.88,6.32,4.71,95.94583333333334,-105.7375,2184.659090909091,75.878293389077285,4.1600000000000001,9.0,-4.8399999999999999,11.966666666666669,183.51666666666668,186.44999999999996,11.966666666666669,151.46,26.73,4.71,57.872098050811957,72.590000000000003,15.200000000000001,5.4500000000000002,24.196666666666669
Lower Lake,38.590035,-123.30498,-29.0,12.6524390244,656.0,217.0,185.2,141.1,68.3,25.5,7.4,2.4,2.5,9.8,41.7,115.4,182.4,2.87,4.15,5.16,6.55,9.0,10.99,12.03,11.91,11.0,8.71,5.43,3.08,13.36,15.9,17.56,20.06,23.47,26.6,29.18,28.65,27.32,23.64,17.53,13.67,90.798333333333332,-75.65166666666666,-785.58324679819998,74.262790125487626,12.029999999999999,2.3999999999999999,9.629999999999999,16.546666666666667,198.23333333333335,198.23333333333335,15.743333333333334,256.94,29.18,13.359999999999999,24.797723616148186,85.150000000000006,42.93,14.31,28.143333333333334
Lower Lake,38.590035,-123.30498,80.0,13.8282387191,687.0,201.8,171.2,138.5,74.1,30.9,9.9,3.4,3.5,13.3,52.7,130.6,183.0,2.67,3.46,3.51,4.34,6.98,9.66,11.08,10.77,9.31,6.89,4.1,2.58,13.04,14.83,15.17,16.93,20.59,24.66,27.84,27.18,25.27,21.46,15.97,13.07,90.6875,-78.12916666666668,-1017.3068576388891,70.011961016791034,11.08,3.3999999999999999,7.6799999999999997,17.120000000000001,188.23666666666668,188.23666666666668,16.103333333333335,236.01000000000002,27.84,13.039999999999999,25.597282679523115,80.289999999999992,40.939999999999998,13.646666666666667,26.560000000000002
Lower Lake,38.590035,-123.30498,103.0,7.63260025873,773.0,224.8,172.2,123.8,61.7,25.5,8.5,3.1,3.5,14.1,59.3,152.7,214.9,2.57,3.62,4.07,5.1,7.62,9.96,11.14,10.81,9.5,7.13,4.21,2.49,12.66,14.98,16.18,18.37,21.8,25.16,27.87,27.25,25.71,22.03,16.22,12.79,95.193333333333328,-82.15666666666667,-1021.8490878938638,78.196250158744107,11.140000000000001,3.1000000000000001,8.0400000000000009,17.383333333333336,206.85999999999999,206.85999999999999,15.670000000000002,241.01999999999998,27.870000000000001,12.66,25.378330237734076,80.830000000000013,40.43,13.476666666666667,26.760000000000002
Lower Lake,38.590035,-123.30498,113.0,18.90625,640.0,228.2,185.3,146.8,75.6,30.0,9.2,3.3,3.7,15.8,68.1,170.1,222.5,2.87,3.98,4.48,5.44,7.73,9.79,10.83,10.57,9.49,7.32,4.51,2.78,12.5,14.88,16.17,18.4,21.76,25.01,27.66,27.07,25.63,22.0,16.16,12.66,103.19916666666667,-89.90083333333332,-1193.9021691013722,81.969263086673052,10.83,3.2999999999999998,7.5300000000000002,17.896666666666665,215.21000000000001,215.21000000000001,15.796666666666667,239.9,27.66,12.5,25.38961176878643,80.359999999999999,40.039999999999999,13.346666666666666,26.580000000000002
Lower Lake,38.590035,-123.30498,127.0,25.5898366606,551.0,299.5,221.6,134.9,63.7,28.4,10.5,3.7,3.6,12.0,45.4,128.2,238.9,2.87,3.9,4.37,5.28,7.49,9.49,10.58,10.49,9.63,7.6,4.77,2.91,12.8,15.1,16.39,18.57,21.82,24.95,27.63,27.23,26.06,22.6,16.75,13.1,105.815,-92.58499999999998,-1326.4326647564467,97.292754997481694,10.58,3.6000000000000001,6.9800000000000004,16.666666666666668,256.56,256.56,16.120000000000001,243.0,27.629999999999999,12.800000000000001,24.683007150342366,80.920000000000002,41.0,13.666666666666666,26.603333333333335
Lower Lake,38.590035,-123.30498,138.0,39.8104265403,422.0,262.2,196.1,148.1,80.6,37.2,13.8,5.4,6.2,25.1,99.2,228.1,277.2,3.34,4.31,4.61,5.38,7.54,9.56,10.65,10.53,9.65,7.66,4.98,3.3,13.34,15.54,16.6,18.58,21.76,24.92,27.62,27.22,26.05,22.67,17.01,13.56,121.72583333333331,-108.14083333333333,-2059.8253968253966,96.738665697704462,10.65,5.4000000000000004,5.25,22.510000000000002,248.81666666666663,259.70666666666665,18.713333333333335,244.87,27.620000000000001,13.34,23.647873529811118,80.890000000000001,42.439999999999998,14.636666666666665,26.58666666666667
Lower Lake,38.590035,-123.30498,150.0,43.7823834197,386.0,213.0,177.4,151.2,83.1,34.2,10.7,3.8,4.4,18.7,77.8,181.2,216.7,2.8,3.88,4.37,5.3,7.54,9.54,10.6,10.43,9.49,7.41,4.59,2.78,13.09,15.23,16.14,18.14,21.55,25.04,27.88,27.32,25.79,22.18,16.5,13.22,104.24416666666667,-91.1225,-1340.0367647058824,78.724465009120408,10.6,3.7999999999999998,6.7999999999999998,19.139999999999997,205.51999999999998,207.02333333333331,16.489999999999998,242.07999999999998,27.879999999999999,13.09,24.709935480782764,80.990000000000009,41.540000000000006,14.270000000000001,26.74666666666667
Lower Lake,38.590035,-123.30498,162.0,37.8865979381,388.0,285.7,224.0,154.9,77.0,32.9,11.2,3.9,3.9,14.4,56.3,150.3,244.0,4.08,4.97,4.93,5.44,7.57,9.71,10.81,10.48,9.32,7.3,4.93,3.75,13.94,15.86,16.44,18.11,21.3,24.71,27.61,27.23,25.98,22.66,17.24,14.11,111.81583333333333,-97.93416666666667,-1417.2817173178969,96.302715473858214,10.81,3.8999999999999999,6.9100000000000001,17.603333333333335,255.5,255.5,16.666666666666668,245.18999999999994,27.609999999999999,13.94,22.820739405629912,80.820000000000007,43.909999999999997,14.636666666666665,26.516666666666666
Lower Lake,38.590035,-123.30498,173.0,43.9909297052,441.0,248.2,206.3,156.2,85.6,40.0,14.4,4.9,4.7,15.4,54.4,134.3,209.6,2.6,3.53,3.81,4.72,7.21,9.62,10.88,10.61,9.34,7.03,4.19,2.53,12.41,14.39,15.21,17.3,21.0,24.88,27.98,27.45,25.77,21.95,16.1,12.69,104.17250000000001,-91.49416666666666,-1480.4881337648326,82.825485623387692,10.880000000000001,4.7000000000000002,6.1800000000000006,18.609999999999999,224.25333333333333,224.25333333333333,18.370000000000001,237.12999999999997,27.98,12.41,26.687308243334805,81.200000000000003,39.490000000000002,13.163333333333334,26.77
Lower Lake,38.590035,-123.30498,185.0,41.9075144509,346.0,300.8,252.5,179.8,83.4,30.8,8.9,2.9,2.9,11.1,47.8,138.5,239.5,3.33,4.34,4.59,5.32,7.47,9.49,10.53,10.26,9.21,7.18,4.6,3.13,13.73,15.68,16.23,17.99,21.39,25.05,28.01,27.44,25.83,22.25,16.79,13.78,114.8625,-101.62083333333334,-1331.8588903451291,102.85531303121876,10.529999999999999,2.8999999999999999,7.629999999999999,15.633333333333335,267.86666666666662,267.86666666666662,14.993333333333334,244.16999999999996,28.010000000000002,13.73,23.800332893353012,81.280000000000001,43.189999999999998,14.396666666666667,26.833333333333332
Lower Lake,38.590035,-123.30498,197.0,36.0730593607,438.0,330.4,226.3,122.5,65.4,41.7,23.3,9.0,7.0,16.1,44.4,113.9,241.7,3.55,4.18,4.01,4.5,6.71,9.03,10.4,10.39,9.49,7.56,5.05,3.55,13.1,15.02,15.88,17.78,20.98,24.28,27.24,27.16,26.29,23.05,17.32,13.63,110.01000000000001,-96.94000000000001,-2851.1764705882351,100.84100753165848,10.4,7.0,3.4000000000000004,20.793333333333333,269.89333333333337,269.89333333333337,20.793333333333333,241.73,27.239999999999998,13.1,24.179238588297412,80.689999999999998,41.75,13.916666666666666,26.896666666666665
Lower Lake,38.590035,-123.30498,206.0,37.9746835443,474.0,214.4,176.1,144.1,70.9,25.3,7.1,2.5,3.0,14.7,70.3,179.7,218.9,4.07,4.73,4.51,5.02,7.33,9.78,11.15,10.98,9.83,7.76,5.27,3.94,13.9,15.68,16.04,17.74,21.26,25.17,28.31,27.77,26.08,22.44,16.98,14.01,100.94749999999999,-86.88583333333334,-1004.4605009633913,80.772675054232707,11.15,2.5,8.6500000000000004,17.386666666666667,207.38,208.75999999999999,14.836666666666668,245.37999999999997,28.309999999999999,13.9,24.073182756093821,82.159999999999997,43.590000000000003,14.963333333333333,27.083333333333332
Lower Lake,38.590035,-123.30498,220.0,35.1706036745,381.0,256.7,212.9,153.9,75.5,30.4,9.7,3.2,3.2,11.5,45.9,126.0,210.0,3.24,4.39,4.85,5.69,7.8,9.68,10.6,10.31,9.3,7.27,4.61,3.04,13.16,15.51,16.67,18.71,21.87,24.93,27.5,26.95,25.65,22.22,16.58,13.24,101.64,-88.17666666666666,-1191.5765765765766,86.853007144254931,10.6,3.2000000000000002,7.3999999999999995,16.036666666666665,230.09,230.09,15.563333333333333,242.99,27.5,13.16,23.747105033653021,80.099999999999994,41.909999999999997,13.969999999999999,26.459999999999997
Lower Lake,38.590035,-123.30498,232.0,42.6605504587,436.0,338.0,269.9,183.9,100.3,51.7,21.0,7.3,6.3,18.2,58.3,147.1,263.1,4.49,5.21,4.99,5.34,7.36,9.48,10.67,10.55,9.63,7.81,5.51,4.29,14.44,16.01,16.11,17.54,20.84,24.63,27.85,27.58,26.27,22.95,17.66,14.68,129.20249999999996,-114.98083333333334,-2631.1403508771932,109.71969757257203,10.67,6.2999999999999998,4.3700000000000001,20.883333333333333,294.99666666666667,294.99666666666667,20.883333333333333,246.56,27.850000000000001,14.44,22.714724254208939,81.700000000000003,45.129999999999995,15.043333333333331,27.233333333333334
Lower Lake,38.590035,-123.30498,243.0,37.037037037,459.0,321.8,256.0,161.0,76.1,32.9,11.4,3.7,3.3,10.7,39.8,115.6,233.3,2.6,3.44,3.8,4.64,6.85,8.9,10.15,10.31,9.72,7.82,4.93,2.87,12.54,14.38,15.22,17.21,20.62,24.18,27.32,27.28,26.31,22.93,17.03,13.2,111.80250000000001,-99.13083333333333,-1414.1345696623869,104.71487908641892,10.31,3.2999999999999998,7.0100000000000007,15.960000000000001,273.33666666666664,273.33666666666664,15.920000000000002,238.22,27.32,12.539999999999999,25.733278615932459,80.909999999999997,40.119999999999997,13.373333333333333,26.260000000000002
Lower Lake,38.590035,-123.30498,253.0,44.358974359,390.0,288.1,226.2,148.9,63.0,21.4,5.9,1.9,2.1,9.3,44.7,138.9,240.0,2.8,3.69,3.88,4.7,7.08,9.4,10.65,10.44,9.3,7.11,4.37,2.74,12.46,14.52,15.49,17.57,21.04,24.58,27.54,27.14,25.77,22.17,16.34,12.8,105.54666666666667,-92.85333333333334,-1061.1809523809525,98.130544627495524,10.65,1.8999999999999999,8.75,14.563333333333333,254.51000000000002,254.51000000000002,13.463333333333333,237.42,27.539999999999999,12.460000000000001,25.823098210376926,80.450000000000003,39.780000000000001,13.26,26.419999999999998
Lower Lake,38.590035,-123.30498,262.0,33.488372093,430.0,276.3,227.6,168.1,84.3,34.4,10.9,3.7,3.7,14.0,56.1,149.3,235.5,2.31,3.28,3.82,4.97,7.57,9.98,11.3,11.16,10.04,7.67,4.54,2.48,12.23,14.22,15.21,17.47,21.23,25.1,28.27,27.9,26.39,22.56,16.49,12.73,111.91833333333334,-98.73166666666667,-1299.1008771929824,93.868348040694144,11.300000000000001,3.7000000000000002,7.6000000000000005,17.966666666666665,249.15666666666667,249.15666666666667,16.913333333333334,239.80000000000004,28.27,12.23,27.307825768424131,82.560000000000002,39.18,13.06,27.090000000000003
Lower Lake,38.590035,-123.30498,276.0,30.3719008264,484.0,238.7,199.5,151.0,72.6,26.9,7.8,2.6,2.8,11.4,49.9,136.9,208.2,3.53,4.36,4.42,5.1,7.38,9.65,10.89,10.71,9.63,7.55,4.93,3.43,13.46,15.33,15.97,17.81,21.24,24.89,27.97,27.64,26.31,22.81,17.16,13.79,99.15666666666668,-85.56,-1032.0868516284679,83.132572169731134,10.890000000000001,2.6000000000000001,8.2900000000000009,16.010000000000002,219.24000000000001,219.24000000000001,14.816666666666668,244.38,27.969999999999999,13.460000000000001,24.384618148882112,81.920000000000002,42.579999999999998,14.193333333333333,26.833333333333332
Lower Lake,38.590035,-123.30498,299.0,20.5831903945,583.0,285.0,236.2,170.6,88.6,39.4,13.6,4.6,4.3,14.3,52.1,135.9,229.1,4.06,4.78,4.58,5.06,7.29,9.63,10.91,10.69,9.54,7.5,5.09,3.85,13.74,15.59,16.16,17.94,21.3,24.93,27.98,27.63,26.29,22.84,17.28,14.01,113.05666666666667,-99.22666666666667,-1501.1598587997985,95.374171410409758,10.91,4.2999999999999998,6.6100000000000003,18.113333333333333,254.33000000000001,254.33000000000001,17.91,245.68999999999997,27.98,13.74,23.810537960265286,81.900000000000006,43.340000000000003,14.446666666666667,26.846666666666664
Elkhorn Slough,36.82535,-121.76415,-23.0,2.73109243697,476.0,107.1,87.9,70.1,32.2,8.3,1.7,0.5,1.2,4.8,23.2,56.6,97.7,4.89,5.79,5.76,6.36,8.25,9.96,11.46,11.85,11.56,9.7,6.7,4.97,13.72,15.38,16.3,17.94,20.1,22.98,24.38,24.5,24.47,22.18,18.12,14.37,49.045833333333341,-32.8375,-289.31718061674007,36.874273881739768,11.85,0.5,11.35,13.789999999999999,102.78333333333335,102.78333333333335,12.223333333333334,234.44000000000003,24.5,13.720000000000001,19.089511438924376,73.349999999999994,43.469999999999999,14.49,23.953333333333333
Elkhorn Slough,36.82535,-121.76415,80.0,1.06194690265,565.0,80.6,74.5,68.3,35.8,10.2,2.2,0.6,1.3,4.2,17.6,39.5,68.3,4.37,5.37,5.27,5.86,7.88,9.75,11.19,11.23,10.46,8.36,5.48,4.14,13.09,14.47,14.79,16.08,18.33,21.61,23.21,23.17,22.77,20.4,16.69,13.5,41.038333333333334,-26.145,-245.95484477892754,28.081378418604899,11.23,0.59999999999999998,10.630000000000001,12.993333333333334,79.093333333333334,79.469999999999999,12.089999999999998,218.11,23.210000000000001,13.09,19.493853366831061,69.150000000000006,41.060000000000002,14.116666666666667,22.663333333333338
Elkhorn Slough,36.82535,-121.76415,377.0,0.943396226415,636.0,100.0,95.9,88.4,44.4,11.7,2.3,0.6,1.2,4.1,17.9,42.9,79.6,4.98,6.14,6.21,6.68,8.21,9.43,10.53,10.71,10.45,8.78,6.08,4.71,13.61,15.14,15.72,17.0,18.89,21.64,22.98,23.13,23.21,21.19,17.5,14.11,48.492500000000007,-33.0075,-326.4836795252225,36.520972542043111,10.710000000000001,0.59999999999999998,10.110000000000001,12.529999999999999,97.109999999999999,100.54333333333334,11.589999999999998,224.12,23.210000000000001,13.609999999999999,17.727984399716451,69.319999999999993,42.859999999999999,14.823333333333332,22.583333333333332
Elkhorn Slough,36.82535,-121.76415,1090.0,3.61990950226,442.0,120.5,105.4,85.6,41.5,11.5,2.4,0.7,1.5,4.8,20.9,50.4,97.5,5.09,6.06,5.89,6.07,7.33,8.39,9.53,9.96,10.08,8.76,6.27,4.93,13.49,14.9,15.41,16.62,18.43,21.12,22.55,22.94,23.32,21.48,17.77,14.19,52.588333333333331,-37.86166666666667,-403.64250177683016,41.986716517118708,10.08,0.69999999999999996,9.3800000000000008,12.189999999999998,113.16000000000001,113.16000000000001,10.826666666666668,222.22,23.32,13.49,17.8306772877893,68.810000000000002,42.579999999999998,14.193333333333333,22.203333333333333
Elkhorn Slough,36.82535,-121.76415,1744.0,2.5956284153,732.0,119.4,103.3,84.0,41.0,11.6,2.5,0.7,1.6,5.2,21.8,51.8,98.3,4.61,5.65,5.65,6.05,7.55,8.79,9.98,10.32,10.23,8.67,5.96,4.48,12.96,14.5,15.24,16.7,18.7,21.5,22.91,23.17,23.33,21.24,17.34,13.64,52.428333333333335,-37.771666666666654,-392.63686763686746,41.161706685003018,10.32,0.69999999999999996,9.620000000000001,12.676666666666668,111.91333333333334,111.91333333333334,11.296666666666667,221.23000000000002,23.329999999999998,12.960000000000001,19.171441870050181,69.409999999999997,41.100000000000001,13.700000000000001,22.526666666666667
Elkhorn Slough,36.82535,-121.76415,2046.0,3.29835082459,667.0,84.3,76.1,65.2,34.5,10.6,2.5,0.7,1.4,4.1,15.6,35.0,66.6,3.67,4.98,5.54,6.6,8.65,10.23,11.51,11.65,11.13,8.99,5.66,3.69,11.72,13.67,15.15,17.21,19.43,22.12,23.35,23.49,23.54,21.14,16.72,12.51,40.741666666666667,-25.358333333333334,-231.58295281582951,27.943375432391047,11.65,0.69999999999999996,10.950000000000001,13.496666666666664,79.779999999999987,79.930000000000007,12.663333333333332,220.04999999999998,23.539999999999999,11.720000000000001,21.923637035182633,70.379999999999995,37.899999999999999,13.513333333333334,22.986666666666665
Elkhorn Slough,36.82535,-121.76415,2400.0,2.13371266003,703.0,117.5,104.7,87.9,42.6,11.3,2.3,0.6,1.4,4.8,21.1,50.9,96.0,4.89,6.03,6.12,6.5,7.84,8.85,9.9,10.23,10.25,8.8,6.15,4.7,13.38,14.84,15.4,16.65,18.48,21.17,22.57,22.91,23.23,21.34,17.61,14.04,52.613333333333337,-37.57,-389.32642487046627,41.357118761130138,10.25,0.59999999999999998,9.6500000000000004,12.393333333333336,111.27333333333333,111.27333333333333,11.093333333333334,221.61999999999998,23.23,13.380000000000001,17.971488980765731,68.710000000000008,42.260000000000005,14.086666666666668,22.216666666666669
Elkhorn Slough,36.82535,-121.76415,3054.0,1.88172043011,372.0,101.7,98.4,98.6,53.0,14.5,2.9,0.8,1.8,6.2,26.2,56.2,89.4,4.43,5.21,4.87,5.13,6.76,8.31,9.76,10.19,10.05,8.46,5.8,4.39,12.9,13.72,13.62,14.8,17.31,21.14,23.33,23.79,23.66,21.34,17.43,13.84,52.754999999999995,-38.86166666666667,-413.86226482073135,38.324854968196988,10.19,0.80000000000000004,9.3899999999999988,12.933333333333332,104.40333333333335,104.40333333333335,11.253333333333336,216.88000000000002,23.789999999999999,12.9,21.763845966858128,70.780000000000001,40.240000000000002,13.413333333333334,22.75333333333333
Elkhorn Slough,36.82535,-121.76415,3368.0,2.63157894737,722.0,106.6,96.7,92.7,51.8,15.5,3.4,1.0,2.3,7.7,31.6,64.7,98.5,4.05,4.86,4.77,5.32,7.16,8.85,10.41,10.95,10.84,9.09,6.08,4.25,12.68,13.65,13.84,15.18,17.64,21.25,23.33,23.84,23.88,21.6,17.54,13.71,54.927500000000002,-40.48916666666667,-406.92629815745403,38.354330073886914,10.949999999999999,1.0,9.9499999999999993,14.4,104.98666666666666,104.98666666666666,12.303333333333333,218.14,23.879999999999999,12.68,21.888224787233462,71.049999999999997,40.039999999999999,13.346666666666666,22.806666666666668
Elkhorn Slough,36.82535,-121.76415,3675.0,3.04347826087,690.0,123.4,108.1,86.8,38.4,9.3,1.8,0.5,1.1,4.1,19.8,51.7,100.7,5.74,6.41,5.69,5.64,7.19,8.84,10.3,10.55,10.18,8.61,6.3,5.41,14.33,15.33,15.18,16.09,18.18,21.53,23.36,23.66,23.61,21.56,18.07,14.92,53.046666666666674,-37.90333333333334,-377.14759535655065,43.577599431614196,10.550000000000001,0.5,10.050000000000001,12.243333333333334,116.58666666666666,116.58666666666666,11.030000000000001,225.82000000000002,23.66,14.33,17.902503941334615,70.629999999999995,44.579999999999998,14.859999999999999,22.849999999999998
Elkhorn Slough,36.82535,-121.76415,4006.0,2.81690140845,710.0,112.7,109.1,97.0,49.8,14.1,2.9,0.8,1.5,4.5,17.8,41.7,83.8,4.08,5.12,5.27,5.88,7.59,8.98,10.3,10.71,10.59,8.88,5.9,4.13,12.61,13.86,14.38,15.86,18.16,21.44,23.23,23.65,23.75,21.52,17.43,13.55,51.927499999999988,-37.355833333333344,-376.95089135553326,40.524137894387501,10.710000000000001,0.80000000000000004,9.9100000000000001,12.800000000000002,106.30999999999999,111.08999999999999,11.730000000000002,219.44000000000003,23.75,12.609999999999999,21.146443198628265,70.629999999999995,40.019999999999996,13.616666666666667,22.77333333333333
Elkhorn Slough,36.82535,-121.76415,4205.0,3.49040139616,573.0,98.9,97.6,95.0,45.8,11.3,2.2,0.6,1.2,4.3,19.4,46.7,81.7,5.33,6.18,5.83,6.08,7.74,9.32,10.72,10.99,10.64,8.96,6.37,5.13,13.79,14.85,14.9,16.0,18.19,21.55,23.39,23.73,23.71,21.58,17.88,14.5,49.832500000000003,-34.284166666666664,-329.9727301892845,37.470438820711273,10.99,0.59999999999999998,10.390000000000001,12.816666666666668,98.280000000000015,102.94666666666666,11.676666666666668,224.07,23.73,13.789999999999999,19.021887430913285,70.830000000000013,43.140000000000001,14.513333333333334,22.890000000000001
Elkhorn Slough,36.82535,-121.76415,4548.0,6.82926829268,410.0,121.5,117.4,99.1,39.9,8.1,1.3,0.3,0.7,2.6,14.2,42.0,89.8,4.27,5.33,5.38,5.98,7.77,9.31,10.63,10.85,10.45,8.6,5.7,4.15,12.77,14.1,14.61,16.11,18.52,21.91,23.66,23.83,23.59,21.16,17.13,13.49,52.110000000000007,-37.373333333333335,-354.24960505529231,44.4650581917982,10.85,0.29999999999999999,10.549999999999999,11.843333333333334,114.14999999999999,117.66000000000001,11.030000000000001,220.88,23.829999999999998,12.77,21.013147829710306,71.079999999999998,40.359999999999999,13.826666666666666,23.133333333333336
Elkhorn Slough,36.82535,-121.76415,4870.0,2.38429172511,713.0,73.6,77.8,84.5,47.3,12.6,2.3,0.6,1.2,3.9,16.0,35.0,59.3,3.52,4.79,5.3,6.21,8.02,9.37,10.57,10.86,10.62,8.73,5.53,3.57,11.83,13.43,14.43,16.2,18.46,21.43,22.94,23.2,23.27,20.95,16.71,12.68,41.765833333333326,-27.250833333333333,-265.60266406757631,28.885768542753979,10.859999999999999,0.59999999999999998,10.26,12.583333333333334,74.193333333333328,83.170000000000002,11.633333333333331,215.53,23.27,11.83,21.787036229341304,69.409999999999997,37.939999999999998,13.229999999999999,22.523333333333337
Elkhorn Slough,36.82535,-121.76415,5231.0,3.5752979415,923.0,98.8,94.5,92.6,45.1,10.5,1.8,0.5,1.1,4.6,23.3,55.2,88.0,5.01,5.85,5.43,5.73,7.59,9.44,10.91,10.99,10.29,8.38,5.77,4.69,13.23,14.31,14.27,15.47,17.99,21.76,23.7,23.72,23.13,20.61,16.88,13.74,50.506666666666661,-35.49333333333334,-338.35398792500803,37.297432068292437,10.99,0.5,10.49,12.796666666666667,98.950000000000003,100.73,11.579999999999998,218.81,23.719999999999999,13.23,20.573187215739864,70.549999999999997,41.280000000000001,13.936666666666667,23.060000000000002
Elkhorn Slough,36.82535,-121.76415,5577.0,2.74725274725,728.0,111.1,112.9,115.9,53.4,11.0,1.7,0.4,1.0,4.2,22.6,57.5,95.2,4.59,5.6,5.36,5.68,7.34,8.86,10.11,10.16,9.6,7.8,5.25,4.19,13.01,14.01,13.84,14.95,17.48,21.34,23.35,23.39,22.79,20.28,16.6,13.53,55.953333333333326,-41.86333333333334,-428.9275956284153,44.408110620571208,10.16,0.40000000000000002,9.7599999999999998,11.823333333333332,111.19333333333333,118.48333333333333,10.743333333333334,214.57,23.390000000000001,13.01,20.876609546401088,69.530000000000001,40.549999999999997,13.619999999999999,22.693333333333332
Elkhorn Slough,36.82535,-121.76415,5735.0,2.61780104712,573.0,110.9,96.3,85.8,37.1,8.2,1.5,0.4,1.1,4.9,27.6,70.7,107.8,4.55,5.33,4.91,5.22,7.05,8.88,10.4,10.62,10.1,8.26,5.6,4.37,12.73,13.93,14.09,15.38,17.82,21.41,23.25,23.31,22.85,20.39,16.58,13.3,53.132499999999993,-38.917500000000004,-380.79745596868895,41.138930290135967,10.619999999999999,0.40000000000000002,10.219999999999999,12.506666666666666,109.75,109.75,10.966666666666667,215.03999999999996,23.309999999999999,12.73,20.874233712899748,69.409999999999997,39.960000000000001,13.32,22.656666666666666
Elkhorn Slough,36.82535,-121.76415,5911.0,2.52479711452,1109.0,129.3,120.6,95.3,39.8,9.0,1.6,0.4,0.9,3.0,14.3,40.6,92.1,4.77,5.65,5.31,5.63,7.41,9.13,10.55,10.69,10.14,8.3,5.67,4.5,13.07,14.07,14.09,15.33,17.87,21.65,23.69,23.91,23.54,21.08,17.21,13.8,52.88750000000001,-38.26250000000001,-371.84159378036941,45.943422293983858,10.69,0.40000000000000002,10.289999999999999,11.893333333333333,118.97333333333334,120.31000000000002,11.089999999999998,219.31000000000003,23.91,13.07,21.197248840820755,71.140000000000001,40.939999999999998,13.743333333333334,23.083333333333332
Elkhorn Slough,36.82535,-121.76415,6252.0,2.04978038067,683.0,115.4,106.4,98.3,47.6,11.7,2.2,0.6,1.4,5.4,25.8,61.3,101.8,4.8,5.57,5.04,5.27,7.1,8.96,10.48,10.62,9.98,8.12,5.56,4.51,12.96,13.96,13.85,15.04,17.63,21.53,23.58,23.63,23.02,20.47,16.7,13.54,55.325833333333343,-40.990833333333335,-409.0901530272788,42.458566363442948,10.619999999999999,0.59999999999999998,10.02,12.826666666666668,112.82666666666667,112.82666666666667,11.420000000000002,215.91,23.629999999999999,12.960000000000001,21.280318646306558,70.22999999999999,40.460000000000001,13.486666666666666,22.91333333333333
Elkhorn Slough,36.82535,-121.76415,6474.0,2.75423728814,472.0,122.9,109.2,88.3,40.7,10.8,2.3,0.6,1.3,4.2,18.6,47.9,96.3,3.91,4.9,4.81,5.41,7.41,9.25,10.7,10.8,10.11,8.06,5.15,3.74,12.04,13.28,13.65,15.25,18.02,21.88,23.86,23.88,23.24,20.48,16.33,12.75,52.279166666666661,-38.237500000000004,-374.87745098039215,42.401648446401488,10.800000000000001,0.59999999999999998,10.200000000000001,12.569999999999999,113.64999999999999,113.64999999999999,11.65,214.65999999999997,23.879999999999999,12.039999999999999,23.281942911349848,70.97999999999999,38.07,12.69,23.206666666666663
CA-HUM-558 (Pilot Ridge),40.6617,-123.6691,174.0,0.373134328358,536.0,268.4,237.3,176.4,100.7,59.2,25.2,8.5,10.4,24.9,85.1,191.2,252.3,0.86,1.44,1.71,3.02,5.82,8.71,10.68,10.15,8.23,5.29,2.85,1.11,8.93,9.99,10.41,12.15,15.34,18.77,21.57,21.21,19.57,15.92,11.83,9.47,124.95583333333333,-114.9775,-5274.1972477064228,92.158769383632489,10.68,8.5,2.1799999999999997,24.286666666666665,253.80333333333337,253.80333333333337,24.286666666666665,175.16,21.57,8.9299999999999997,29.124247908543833,62.350000000000001,28.390000000000001,9.4633333333333329,20.783333333333335
CA-HUM-558 (Pilot Ridge),40.6617,-123.6691,1402.0,0.171526586621,583.0,279.4,245.3,170.5,97.4,61.4,28.3,9.4,10.4,21.9,68.6,157.7,238.4,2.26,2.79,2.86,3.84,6.22,8.73,10.55,10.16,8.61,6.09,3.99,2.45,10.74,11.68,11.85,13.24,16.07,19.2,21.93,21.73,20.45,17.21,13.43,11.25,121.4375,-110.01249999999999,-9566.3043478260824,92.035170009893491,10.550000000000001,9.4000000000000004,1.1500000000000004,23.673333333333336,256.86666666666667,256.86666666666667,23.673333333333336,188.78000000000003,21.93,10.74,24.337608778528537,64.109999999999999,33.670000000000002,11.223333333333334,21.370000000000001
CA-HUM-558 (Pilot Ridge),40.6617,-123.6691,1546.0,0.20964360587,477.0,292.1,259.7,179.1,102.6,65.3,30.3,9.8,10.5,21.4,66.0,152.3,238.6,1.32,1.97,2.26,3.5,6.12,8.79,10.63,10.1,8.31,5.52,3.19,1.52,9.6,10.44,10.58,12.13,15.31,18.87,21.83,21.59,20.03,16.48,12.49,10.2,124.24416666666666,-113.70583333333332,-13699.497991967868,95.209824375633048,10.630000000000001,9.8000000000000007,0.83000000000000007,23.580000000000002,265.06999999999999,265.06999999999999,23.580000000000002,179.54999999999998,21.829999999999998,9.5999999999999996,27.998496804867628,63.450000000000003,30.239999999999995,10.079999999999998,21.150000000000002
CA-HUM-558 (Pilot Ridge),40.6617,-123.6691,1803.0,0.649350649351,462.0,292.9,239.7,169.8,101.6,68.0,34.0,12.6,15.7,35.9,112.2,233.7,293.6,2.18,2.46,2.35,3.23,5.63,8.26,10.31,10.18,8.88,6.48,4.34,2.61,10.1,10.8,10.85,12.19,15.01,18.21,21.17,21.32,20.41,17.32,13.44,10.94,139.7175,-128.56583333333333,5614.2285298398856,100.40849450494714,10.31,12.6,-2.2899999999999991,31.189999999999998,236.46333333333334,277.81666666666666,30.349999999999998,181.76,21.32,10.1,25.808856046603989,62.900000000000006,31.75,10.613333333333333,20.233333333333334
CA-HUM-558 (Pilot Ridge),40.6617,-123.6691,1877.0,0.214592274678,466.0,316.8,273.1,189.4,101.1,56.5,23.3,7.7,9.5,23.4,83.4,200.3,286.7,1.8,2.17,2.14,3.19,5.87,8.77,10.85,10.47,8.73,5.99,3.73,2.1,9.74,10.44,10.43,11.91,15.14,18.83,21.93,21.78,20.25,16.72,12.74,10.42,136.41749999999999,-125.44916666666666,-3982.5132275132278,108.49143285109352,10.85,7.7000000000000002,3.1499999999999995,23.549999999999997,294.22333333333336,294.22333333333336,23.530000000000001,180.32999999999998,21.93,9.7400000000000002,28.144359270571535,63.960000000000001,30.600000000000001,10.200000000000001,20.846666666666668
CA-HUM-558 (Pilot Ridge),40.6617,-123.6691,2015.0,0.243309002433,411.0,291.5,245.8,164.8,93.6,60.5,29.1,10.0,11.3,24.0,74.9,171.1,255.8,0.5,0.81,0.81,1.95,4.72,7.73,9.92,9.66,7.99,5.22,2.81,0.97,8.64,9.4,9.48,10.99,14.14,17.69,20.71,20.59,19.18,15.71,11.72,9.34,123.79083333333334,-114.9425,143678.12499999985,95.223965160941617,9.9199999999999999,10.0,-0.080000000000000071,24.290000000000003,265.12666666666667,265.12666666666667,24.290000000000003,167.59000000000003,20.710000000000001,8.6400000000000006,29.76531654706649,60.479999999999997,27.380000000000003,9.1266666666666669,20.16
CA-HUM-558 (Pilot Ridge),40.6617,-123.6691,4064.0,0.19120458891,523.0,286.8,262.4,186.7,101.0,56.5,23.1,7.2,8.1,18.6,64.7,157.7,238.9,0.55,1.04,1.47,2.87,5.59,8.33,10.4,10.28,8.9,6.19,3.51,1.22,8.85,9.79,10.33,12.13,15.25,18.56,21.48,21.52,20.39,16.97,12.66,9.79,122.67083333333335,-112.6125,-3519.140625,96.828241271020147,10.4,7.2000000000000002,3.2000000000000002,21.16,263.63666666666671,263.63666666666671,21.16,177.72,21.52,8.8499999999999996,29.292433715821193,63.390000000000001,28.43,9.4766666666666666,21.129999999999999
CA-HUM-558 (Pilot Ridge),40.6617,-123.6691,4657.0,0.412371134021,485.0,250.8,242.8,201.1,119.8,67.9,26.7,8.4,9.9,23.6,80.0,176.1,227.9,1.42,1.87,2.01,3.16,5.77,8.51,10.51,10.22,8.66,5.99,3.64,1.81,9.78,10.34,10.17,11.53,14.71,18.43,21.63,21.6,20.2,16.78,12.86,10.55,124.88083333333333,-114.28583333333334,-5416.39020537125,88.339334147586186,10.51,8.4000000000000004,2.1099999999999994,23.763333333333335,233.33333333333334,242.20000000000002,23.763333333333335,178.57999999999998,21.629999999999999,9.7799999999999994,28.048730728128973,63.430000000000007,30.289999999999999,10.223333333333333,21.143333333333334
Benicia State Park,38.0734722222,-122.193055556,-38.0,1.43426751958,348.61,138.5,132.1,96.2,44.4,16.0,6.3,0.6,1.5,5.4,32.7,67.4,117.1,3.4,5.14,6.52,7.87,9.97,11.9,12.71,12.65,12.22,10.16,6.74,4.0,12.71,15.5,18.16,20.83,23.96,26.88,28.58,28.32,27.63,23.96,18.13,13.35,63.456666666666671,-46.24333333333333,-381.86072116707953,47.980420891118584,12.710000000000001,0.59999999999999998,12.110000000000001,15.026666666666666,133.41333333333333,133.41333333333333,15.026666666666666,258.01,28.579999999999998,12.710000000000001,24.940531732817313,84.530000000000001,41.560000000000002,13.853333333333333,28.176666666666666
Benicia State Park,38.0734722222,-122.193055556,-1.0,0.158828481123,629.61,121.2,118.6,95.9,45.7,15.6,5.7,0.5,1.5,6.0,39.1,76.7,112.8,2.96,4.47,5.56,6.78,8.96,11.15,12.18,12.21,11.78,9.71,6.34,3.65,11.94,14.46,16.9,19.5,22.72,25.88,27.86,27.87,27.37,23.77,17.85,12.86,61.254166666666663,-45.29583333333334,-386.81326501565616,43.756893258535726,12.210000000000001,0.5,11.710000000000001,14.723333333333334,121.22666666666667,121.22666666666667,14.413333333333334,248.98000000000002,27.870000000000001,11.94,26.166397812261195,83.100000000000009,39.259999999999998,13.086666666666666,27.203333333333333
Benicia State Park,38.0734722222,-122.193055556,52.0,2.86033008209,349.61,191.6,177.7,116.9,52.8,20.2,8.5,0.8,1.9,6.1,34.3,73.6,147.7,3.05,4.6,5.54,6.54,8.51,10.51,11.38,11.29,10.82,8.89,5.82,3.5,11.84,14.18,16.27,18.62,21.78,25.03,27.1,27.12,26.59,23.08,17.4,12.67,76.879166666666663,-61.80416666666665,-584.16036546943906,65.53525647292625,11.380000000000001,0.80000000000000004,10.58,14.096666666666669,176.04999999999998,176.04999999999998,14.096666666666669,241.68,27.120000000000001,11.84,25.873907533173501,80.810000000000002,38.689999999999998,12.896666666666667,26.936666666666667
Benicia State Park,38.0734722222,-122.193055556,97.0,2.83624723972,493.61,143.3,125.0,87.8,39.9,14.5,6.0,0.6,1.8,7.1,45.6,91.0,138.8,3.11,4.6,5.35,6.3,8.46,10.75,11.72,11.44,10.6,8.47,5.47,3.4,11.96,14.53,16.69,19.05,22.2,25.38,27.24,26.88,25.97,22.29,16.77,12.43,65.922499999999999,-50.9775,-458.43075539568343,50.656571163900679,11.720000000000001,0.59999999999999998,11.120000000000001,14.420000000000002,139.40333333333334,139.40333333333334,14.103333333333333,241.39000000000001,27.239999999999998,11.960000000000001,25.518329934174222,80.090000000000003,38.920000000000002,12.973333333333334,26.5
Benicia State Park,38.0734722222,-122.193055556,150.0,2.10076677987,285.61,136.1,127.1,105.3,53.4,19.7,7.7,0.8,2.4,10.0,64.0,113.5,143.5,3.41,4.91,5.66,6.47,8.32,10.27,11.1,10.97,10.48,8.65,5.8,3.72,12.44,14.83,16.66,18.8,21.95,25.3,27.28,26.92,25.93,22.28,16.94,12.84,72.771666666666661,-57.81166666666667,-561.27831715210357,51.856944702603613,11.1,0.80000000000000004,10.299999999999999,15.25,139.58000000000001,139.58000000000001,14.413333333333332,242.17000000000002,27.280000000000001,12.44,24.753020046628436,80.129999999999995,40.109999999999999,13.369999999999999,26.5
Benicia State Park,38.0734722222,-122.193055556,240.0,1.77651447859,506.61,202.8,183.7,114.6,50.3,19.3,8.3,0.8,1.8,5.7,32.6,71.8,151.8,3.12,4.41,5.07,5.84,7.67,9.68,10.7,10.9,10.76,9.09,6.13,3.74,11.88,13.91,15.64,17.76,20.93,24.39,26.71,26.93,26.55,23.15,17.57,12.87,77.55083333333333,-63.032500000000006,-624.08415841584167,68.744946172831902,10.9,0.80000000000000004,10.1,13.553333333333335,183.19000000000003,183.19000000000003,13.553333333333335,238.29000000000002,26.93,11.880000000000001,25.876602835298762,80.189999999999998,38.659999999999997,12.886666666666665,26.73
Benicia State Park,38.0734722222,-122.193055556,301.0,2.47954376395,685.61,175.1,162.5,115.7,57.7,24.2,11.0,1.1,2.7,8.4,44.2,84.2,147.1,4.58,5.7,5.74,6.11,7.99,10.33,11.43,11.28,10.6,8.81,6.33,4.76,13.01,15.05,16.5,18.4,21.54,25.09,27.33,27.24,26.48,23.0,17.74,13.61,77.296666666666667,-61.686666666666675,-597.16037431429504,60.532389998156262,11.43,1.1000000000000001,10.33,15.17,166.57999999999998,166.57999999999998,15.17,244.99,27.329999999999998,13.01,24.016777043129796,81.049999999999997,41.670000000000002,13.890000000000001,27.016666666666666
Benicia State Park,38.0734722222,-122.193055556,355.0,1.25363030442,478.61,182.3,173.2,128.1,57.0,19.0,6.9,0.7,1.8,7.0,46.5,97.9,161.1,4.43,5.72,6.01,6.45,8.19,10.24,11.15,10.99,10.45,8.74,6.24,4.58,13.01,15.09,16.48,18.35,21.53,25.14,27.34,27.09,26.11,22.53,17.37,13.45,81.224166666666676,-65.69249999999998,-628.6363636363634,66.27689095231878,11.15,0.69999999999999996,10.450000000000001,14.030000000000001,177.11000000000001,177.11000000000001,13.926666666666668,243.48999999999998,27.34,13.01,24.007735970882919,80.539999999999992,41.549999999999997,13.85,26.523333333333337
Benicia State Park,38.0734722222,-122.193055556,462.0,0.572704885173,174.61,148.9,136.1,99.7,47.3,17.7,7.3,0.7,2.0,7.4,45.0,87.8,137.6,3.67,4.74,4.87,5.44,7.64,10.3,11.59,11.42,10.54,8.48,5.74,3.97,12.48,14.42,15.72,17.66,21.08,25.02,27.45,27.21,26.08,22.33,17.02,13.02,68.824999999999989,-54.09166666666667,-496.70951943679211,52.634036912122433,11.59,0.69999999999999996,10.890000000000001,14.549999999999999,144.99333333333334,144.99333333333334,14.436666666666667,239.49,27.449999999999999,12.48,25.596089214216867,80.739999999999995,39.920000000000002,13.306666666666667,26.560000000000002
Benicia State Park,38.0734722222,-122.193055556,1039.0,2.91482870523,514.61,158.5,137.3,101.1,51.3,21.5,10.1,1.1,3.1,11.6,66.0,116.5,161.8,3.47,4.89,5.48,6.16,7.93,9.88,10.74,10.66,10.24,8.5,5.76,3.78,11.99,14.4,16.43,18.65,21.69,24.84,26.77,26.63,25.98,22.5,17.02,12.6,77.282499999999999,-62.70083333333333,-650.42358229598881,57.321124251157762,10.74,1.1000000000000001,9.6400000000000006,15.813333333333333,156.58000000000001,156.58000000000001,15.193333333333333,239.5,26.77,11.99,25.08901456152708,79.379999999999995,38.990000000000002,12.996666666666668,26.079999999999998
Benicia State Park,38.0734722222,-122.193055556,1591.0,0.0763166530569,1310.33,162.0,153.7,111.0,55.4,23.3,10.6,1.0,2.4,7.3,38.5,74.5,133.1,3.08,4.34,4.9,5.59,7.39,9.39,10.42,10.6,10.44,8.8,5.93,3.65,11.86,13.7,15.14,17.09,20.27,23.88,26.35,26.64,26.27,22.92,17.45,12.87,71.444166666666661,-57.35583333333333,-597.45659722222217,55.895623182609043,10.6,1.0,9.5999999999999996,14.053333333333333,153.28999999999999,153.28999999999999,14.053333333333333,234.44,26.640000000000001,11.859999999999999,25.92587024948207,79.260000000000005,38.429999999999993,12.809999999999997,26.420000000000002
Benicia State Park,38.0734722222,-122.193055556,1734.0,0.0691723186215,2891.33,215.5,193.5,118.4,50.7,19.4,8.6,0.8,1.8,5.7,32.6,73.7,159.2,4.17,5.4,5.62,6.1,8.0,10.27,11.29,11.08,10.35,8.5,5.95,4.32,12.74,14.79,16.29,18.26,21.48,25.08,27.36,27.26,26.45,22.9,17.57,13.38,80.912499999999994,-65.73750000000001,-626.66825548141105,73.206302224717419,11.289999999999999,0.80000000000000004,10.489999999999998,13.673333333333332,194.02999999999997,194.02999999999997,13.673333333333332,243.55999999999997,27.359999999999999,12.74,24.631354499741605,81.070000000000007,40.909999999999997,13.636666666666665,27.023333333333337
China Camp,38.0075,-122.493333333,89.0,2.20588235294,544.0,170.4,147.1,96.7,44.2,17.3,7.7,0.8,2.1,7.4,43.2,87.5,151.3,2.87,4.39,5.32,6.32,8.3,10.32,11.23,11.18,10.75,8.83,5.74,3.36,11.63,14.06,16.25,18.61,21.69,24.8,26.76,26.74,26.24,22.76,17.11,12.41,72.025833333333324,-57.25749999999999,-548.96931927133267,58.18829499397242,11.23,0.80000000000000004,10.43,14.486666666666666,159.8066666666667,159.8066666666667,14.443333333333333,239.05999999999997,26.760000000000002,11.630000000000001,25.842930286345585,79.739999999999995,38.100000000000001,12.700000000000001,26.099999999999998
China Camp,38.0075,-122.493333333,135.0,0.706713780919,566.0,165.9,141.2,104.9,51.1,19.9,8.8,1.0,3.0,12.3,78.5,141.9,181.5,3.86,5.24,5.81,6.46,8.2,10.12,11.0,10.99,10.65,8.98,6.24,4.22,12.62,15.02,16.98,19.09,22.01,25.05,26.92,26.78,26.2,22.83,17.48,13.16,83.480833333333337,-68.18583333333332,-681.85833333333323,63.448484281650806,11.0,1.0,10.0,16.313333333333336,167.30666666666667,167.87333333333333,14.970000000000001,244.14,26.920000000000002,12.619999999999999,23.841351742207948,79.900000000000006,40.799999999999997,14.42,26.25
China Camp,38.0075,-122.493333333,434.0,0.980392156863,408.0,183.8,159.6,102.6,46.7,18.5,8.3,0.9,2.1,7.2,41.3,85.0,155.9,3.83,5.01,5.44,6.17,8.24,10.62,11.81,11.85,11.35,9.45,6.52,4.36,12.3,14.41,16.17,18.44,21.87,25.6,27.97,27.93,27.11,23.38,17.71,13.14,75.545833333333334,-59.770833333333336,-545.85235920852369,62.377383649622743,11.85,0.90000000000000002,10.949999999999999,15.07,170.83333333333334,170.83333333333334,15.07,246.03000000000003,27.969999999999999,12.300000000000001,26.175794619928961,83.009999999999991,39.850000000000001,13.283333333333333,27.669999999999998
China Camp,38.0075,-122.493333333,693.0,1.43442622951,488.0,137.0,126.3,105.6,56.3,22.3,9.4,1.0,2.9,11.9,72.3,121.3,147.5,2.44,3.85,4.66,5.63,7.68,9.85,10.88,10.88,10.43,8.49,5.38,3.0,11.33,13.51,15.33,17.63,21.07,24.78,27.08,26.94,26.01,22.23,16.57,12.07,74.747500000000002,-60.88583333333333,-616.25337381916324,52.163983923297117,10.880000000000001,1.0,9.8800000000000008,15.996666666666668,140.03,140.03,14.970000000000001,234.54999999999998,27.079999999999998,11.33,27.398651496074848,80.030000000000001,36.909999999999997,12.303333333333333,26.266666666666666
China Camp,38.0075,-122.493333333,859.0,4.42857142857,700.0,147.1,137.4,106.3,54.3,22.0,9.6,1.0,2.6,9.0,50.9,92.6,138.1,3.21,4.47,4.94,5.58,7.44,9.55,10.58,10.63,10.27,8.53,5.74,3.65,12.24,14.13,15.43,17.25,20.41,24.05,26.42,26.45,25.78,22.36,17.12,12.95,71.290833333333339,-57.192499999999995,-593.89927310488042,52.361874880223894,10.630000000000001,1.0,9.6300000000000008,14.693333333333333,144.64333333333335,144.64333333333335,14.653333333333331,234.58999999999997,26.449999999999999,12.24,25.013656766677855,78.650000000000006,39.32,13.106666666666667,25.640000000000001
China Camp,38.0075,-122.493333333,955.0,0.61099796334,491.0,177.7,159.4,118.0,52.7,17.5,6.5,0.7,2.0,8.8,61.4,123.6,177.5,3.64,4.86,5.16,5.79,7.88,10.33,11.45,11.24,10.43,8.42,5.68,3.89,12.5,14.39,15.61,17.54,21.07,25.17,27.68,27.4,26.14,22.3,16.99,13.03,82.880833333333342,-68.08583333333334,-633.35658914728685,65.91333178985029,11.449999999999999,0.69999999999999996,10.75,14.873333333333335,175.66333333333333,175.66333333333333,14.073333333333332,239.82000000000002,27.68,12.5,25.929362200596511,81.219999999999999,39.920000000000002,13.306666666666667,26.75
China Camp,38.0075,-122.493333333,1172.0,1.59680638723,501.0,168.3,154.9,105.3,47.7,18.0,7.6,0.7,1.8,6.2,36.1,75.3,138.5,3.01,4.37,5.06,6.06,8.34,10.81,11.96,11.81,11.03,8.86,5.73,3.48,11.66,13.78,15.51,17.82,21.41,25.33,27.74,27.54,26.43,22.52,16.84,12.39,70.910000000000011,-55.823333333333345,-495.7667258732979,57.637853736353968,11.960000000000001,0.69999999999999996,11.260000000000002,14.5,157.51999999999998,157.51999999999998,14.5,238.97000000000003,27.739999999999998,11.66,27.460990239678111,81.710000000000008,37.829999999999998,12.609999999999999,27.236666666666668
China Camp,38.0075,-122.493333333,1491.0,1.62790697674,430.0,133.1,137.6,110.4,60.6,27.0,12.4,1.2,2.5,7.0,33.4,60.1,105.1,4.0,5.23,5.62,6.2,8.06,10.22,11.26,11.26,10.83,9.09,6.36,4.38,12.99,14.83,16.13,17.89,20.9,24.4,26.77,26.97,26.57,23.33,18.1,13.81,65.242500000000007,-49.82416666666666,-495.27004638833654,47.127718157682956,11.26,1.2,10.06,14.683333333333332,129.80333333333331,131.98333333333332,14.683333333333332,242.69000000000003,26.969999999999999,12.99,23.771411674705831,80.310000000000002,41.630000000000003,14.65,26.77
China Camp,38.0075,-122.493333333,2426.0,0.840336134454,238.0,171.7,167.6,120.3,54.8,19.7,7.7,0.7,1.7,5.7,33.9,72.2,135.8,2.6,3.99,4.71,5.56,7.49,9.58,10.56,10.56,10.17,8.32,5.35,3.08,11.33,13.38,15.01,17.12,20.41,24.05,26.38,26.37,25.64,22.05,16.54,12.11,72.814166666666665,-59.152499999999996,-599.92393509127783,60.637340868798731,10.56,0.69999999999999996,9.8600000000000012,13.130000000000001,161.59,161.59,13.130000000000001,230.39,26.379999999999999,11.33,26.835176000238388,78.390000000000001,36.82,12.273333333333333,26.129999999999999
China Camp,38.0075,-122.493333333,2687.0,0.247524752475,404.0,213.8,175.7,109.9,47.6,18.0,8.1,0.9,2.4,9.1,57.1,118.2,198.3,4.04,5.32,5.79,6.36,8.07,10.02,10.96,11.04,10.81,9.2,6.5,4.45,12.67,14.83,16.46,18.4,21.4,24.69,26.79,26.72,26.12,22.75,17.48,13.27,87.638333333333321,-72.21166666666667,-712.14661406969117,74.79508515864454,11.039999999999999,0.90000000000000002,10.139999999999999,15.07,200.53666666666666,200.53666666666666,14.473333333333331,241.57999999999998,26.789999999999999,12.67,23.944208508660381,79.629999999999995,40.769999999999996,13.589999999999998,26.066666666666666
China Camp,38.0075,-122.493333333,3718.0,2.85714285714,455.0,215.4,182.3,112.0,51.6,22.0,10.8,1.1,2.7,8.4,45.1,92.3,178.0,2.91,4.24,4.97,5.77,7.59,9.55,10.55,10.76,10.66,8.99,6.0,3.56,11.14,13.19,15.19,17.52,20.72,24.08,26.45,26.91,26.84,23.5,17.62,12.43,83.9375,-69.67916666666667,-721.31642512077303,72.114607064611633,10.76,1.1000000000000001,9.6600000000000001,14.723333333333334,195.47000000000003,195.47000000000003,14.723333333333334,235.59,26.91,11.140000000000001,27.312109486081145,80.200000000000003,36.759999999999998,12.253333333333332,26.733333333333334
China Camp,38.0075,-122.493333333,3886.0,5.3738317757,428.0,176.1,160.1,113.9,53.8,20.5,8.6,0.9,2.3,8.2,48.3,95.4,157.4,4.0,5.02,5.15,5.63,7.59,10.0,11.26,11.36,10.92,9.16,6.45,4.49,12.94,14.59,15.57,17.32,20.74,24.84,27.51,27.53,26.61,23.01,17.76,13.68,78.044166666666669,-62.8725,-601.07552581261962,61.93628331577721,11.359999999999999,0.90000000000000002,10.459999999999999,14.979999999999999,169.03666666666666,169.03666666666666,14.806666666666667,242.09999999999997,27.530000000000001,12.94,25.15018102588003,81.650000000000006,41.209999999999994,13.736666666666665,26.626666666666665
China Camp,38.0075,-122.493333333,4309.0,0.845070422535,355.0,169.5,152.6,111.5,57.0,24.3,11.4,1.2,3.1,10.4,55.7,101.1,157.1,3.07,4.19,4.44,5.07,7.19,9.71,10.96,10.9,10.21,8.24,5.43,3.48,11.61,13.4,14.64,16.59,20.1,24.18,26.78,26.73,25.74,22.01,16.59,12.37,78.149166666666659,-64.33416666666666,-659.16154371584685,59.01946097945622,10.960000000000001,1.2,9.7600000000000016,15.589999999999998,163.3133333333333,163.3133333333333,15.589999999999998,230.74,26.780000000000001,11.609999999999999,27.179867733389951,79.25,37.379999999999995,12.459999999999999,26.416666666666668
China Camp,38.0075,-122.493333333,4739.0,0.239234449761,418.0,156.2,154.8,132.3,64.7,21.8,7.8,0.8,2.1,9.1,60.2,113.3,153.6,4.41,5.42,5.36,5.64,7.47,9.82,10.98,10.96,10.42,8.73,6.28,4.67,13.04,14.6,15.41,16.98,20.26,24.31,26.99,27.08,26.29,22.84,17.74,13.78,80.571666666666673,-65.545,-643.86051080550101,60.152697339539323,10.98,0.80000000000000004,10.18,14.786666666666667,159.70000000000002,159.70000000000002,14.153333333333334,239.32000000000002,27.079999999999998,13.039999999999999,24.533599782080977,80.359999999999985,41.420000000000002,13.806666666666667,26.126666666666665
China Camp,38.0075,-122.493333333,5089.0,0.243902439024,410.0,146.4,131.9,109.2,55.1,20.2,8.0,0.9,2.8,12.7,84.3,145.0,166.8,3.8,4.77,4.86,5.37,7.42,9.95,11.29,11.38,10.88,9.05,6.29,4.31,12.55,14.23,15.19,16.99,20.53,24.78,27.48,27.36,26.21,22.45,17.18,13.21,81.055833333333325,-66.16083333333334,-631.30566157760825,59.116217805597891,11.380000000000001,0.90000000000000002,10.48,16.649999999999999,152.66000000000003,157.53333333333333,14.773333333333333,238.16000000000003,27.48,12.550000000000001,26.001759746990089,81.050000000000011,39.990000000000002,14.313333333333333,26.540000000000003
China Camp,38.0075,-122.493333333,6543.0,2.57142857143,350.0,192.0,162.3,104.5,49.0,20.5,9.8,1.0,2.7,8.9,49.6,97.9,170.4,3.3,4.51,4.92,5.67,7.84,10.34,11.53,11.42,10.68,8.64,5.73,3.71,11.74,13.81,15.43,17.63,21.15,25.03,27.44,27.27,26.23,22.4,16.82,12.45,79.740833333333342,-65.02583333333332,-617.52928141817029,65.204740939384322,11.529999999999999,1.0,10.529999999999999,15.409999999999998,178.74000000000001,178.74000000000001,15.409999999999998,237.39999999999998,27.440000000000001,11.74,27.040436783380876,80.939999999999998,38.0,12.666666666666666,26.98
China Camp,38.0075,-122.493333333,7241.0,1.38121546961,362.0,208.6,193.4,143.3,67.5,25.0,10.2,1.0,2.7,9.9,60.3,119.4,189.8,4.65,5.58,5.1,5.22,7.34,10.21,11.5,11.0,9.67,7.59,5.4,4.48,12.74,14.07,14.3,15.76,19.65,24.65,27.69,27.23,25.34,21.24,16.3,13.07,93.236666666666679,-78.61333333333334,-748.69841269841277,75.377178391222785,11.5,1.0,10.5,15.256666666666666,202.16999999999999,202.16999999999999,15.256666666666666,232.04,27.690000000000001,12.74,26.857169629480669,80.260000000000005,39.880000000000003,13.293333333333335,26.753333333333334
China Camp,38.0075,-122.493333333,7598.0,4.50236966825,422.0,165.7,167.3,144.3,71.6,25.0,9.2,0.9,2.4,9.6,60.5,113.2,158.1,3.47,4.71,5.1,5.93,8.27,10.97,12.2,11.93,10.89,8.64,5.7,3.78,11.87,13.61,14.63,16.66,20.63,25.34,28.15,27.71,25.95,21.7,16.25,12.39,84.94916666666667,-69.68416666666667,-616.67404129793522,62.831828247889007,12.199999999999999,0.90000000000000002,11.299999999999999,15.973333333333334,167.68666666666664,167.68666666666664,15.866666666666667,234.89,28.149999999999999,11.869999999999999,28.403293260461197,81.810000000000002,37.869999999999997,12.623333333333333,27.066666666666663
China Camp,38.0075,-122.493333333,8062.0,3.1914893617,470.0,130.8,144.5,141.6,72.3,23.9,8.1,0.7,2.0,7.7,48.9,90.6,122.6,3.36,4.56,4.85,5.55,7.75,10.34,11.54,11.31,10.4,8.29,5.48,3.64,12.27,13.97,14.8,16.57,20.27,24.75,27.45,27.04,25.45,21.45,16.3,12.67,73.397500000000008,-58.88583333333333,-543.22724477244776,52.847767238392706,11.539999999999999,0.69999999999999996,10.84,14.549999999999999,136.48666666666668,143.22333333333333,14.549999999999999,232.98999999999998,27.449999999999999,12.27,26.744243714483119,79.939999999999998,38.909999999999997,13.680000000000001,26.646666666666665
China Camp,38.0075,-122.493333333,9053.0,3.61247947455,609.0,112.8,117.7,118.7,53.6,13.8,3.8,0.4,1.2,7.6,67.5,130.0,132.3,3.07,4.25,4.53,5.48,8.23,11.45,12.89,12.36,10.77,8.09,5.04,3.27,11.99,13.84,14.78,16.88,21.14,26.18,28.98,28.08,25.61,20.94,15.56,12.14,70.735833333333332,-55.83083333333334,-447.00427008273289,50.559992328970502,12.890000000000001,0.40000000000000002,12.49,14.033333333333331,124.46333333333332,128.82666666666668,14.033333333333331,236.12,28.98,11.99,29.189058151598424,83.239999999999995,37.969999999999999,13.230000000000002,27.746666666666666
China Camp,38.0075,-122.493333333,9264.0,1.53452685422,391.0,189.5,171.4,130.8,65.2,25.5,10.9,1.2,3.2,12.2,73.0,133.2,188.1,3.8,4.86,5.02,5.69,8.03,10.84,12.21,12.02,11.04,8.85,6.0,4.15,12.22,13.93,14.96,16.95,20.83,25.42,28.23,27.94,26.41,22.3,16.85,12.86,91.392499999999998,-75.97416666666668,-690.0469270360278,69.076323141507771,12.210000000000001,1.2,11.010000000000002,17.289999999999999,187.27000000000001,187.27000000000001,16.790000000000003,238.89999999999998,28.23,12.220000000000001,27.616806656312896,82.579999999999998,39.009999999999998,13.003333333333332,27.196666666666669
China Camp,38.0075,-122.493333333,10310.0,9.95024875622,402.0,132.9,130.3,128.7,70.5,25.0,9.2,1.0,3.2,15.5,105.4,166.3,161.3,3.24,4.49,4.77,5.59,8.1,11.04,12.31,11.78,10.36,7.87,5.0,3.35,11.87,13.74,14.62,16.58,20.67,25.56,28.26,27.34,24.95,20.41,15.2,11.93,86.433333333333351,-71.78333333333335,-634.68906572354854,59.523586688154317,12.31,1.0,11.31,16.176666666666666,145.19333333333336,157.36333333333334,16.176666666666666,231.12999999999997,28.260000000000002,11.869999999999999,28.697136800961626,81.159999999999997,37.539999999999999,13.0,27.053333333333331
China Camp,38.0075,-122.493333333,10758.0,7.11382113821,492.0,194.0,172.6,121.4,54.0,19.4,8.2,0.9,2.3,8.9,56.2,114.7,181.5,2.46,3.62,4.03,5.13,8.0,11.28,12.83,12.45,10.98,8.26,4.99,2.89,11.26,13.21,14.35,16.64,21.04,26.14,28.95,28.01,25.46,20.65,15.08,11.48,85.085000000000008,-70.59833333333334,-591.77144453758035,68.567214651026916,12.83,0.90000000000000002,11.93,15.986666666666665,185.69000000000003,185.69000000000003,15.986666666666665,232.27,28.949999999999999,11.26,30.770765372753782,83.100000000000009,35.950000000000003,11.983333333333334,27.700000000000003
China Camp,38.0075,-122.493333333,10910.0,7.4812967581,401.0,173.4,173.5,148.6,64.4,18.1,5.6,0.5,1.6,7.9,61.8,129.5,173.6,3.97,5.08,4.89,5.42,7.99,11.2,12.55,11.77,9.92,7.33,4.8,3.75,12.68,14.39,14.78,16.46,20.68,25.93,28.76,27.56,24.69,19.99,15.1,12.42,87.264166666666654,-72.48583333333336,-601.54218533886603,68.497285646748239,12.550000000000001,0.5,12.050000000000001,14.406666666666666,177.76666666666668,177.76666666666668,14.406666666666666,233.44,28.760000000000002,12.42,28.023335223826439,82.25,39.490000000000002,13.163333333333334,27.416666666666668
China Camp,38.0075,-122.493333333,11643.0,4.98220640569,281.0,153.4,135.9,103.1,51.5,20.2,8.7,0.9,2.7,10.6,64.3,115.7,157.6,1.67,3.23,4.17,5.52,8.2,11.0,12.15,11.63,10.25,7.56,4.2,1.98,10.55,12.93,14.69,17.19,21.21,25.57,27.88,26.94,24.76,20.18,14.55,10.71,75.513333333333335,-61.92000000000001,-550.40000000000009,55.336472953097477,12.15,0.90000000000000002,11.25,15.693333333333333,151.25999999999999,151.25999999999999,15.693333333333333,227.16,27.879999999999999,10.550000000000001,30.489149383924563,80.390000000000001,34.189999999999998,11.396666666666667,26.796666666666667
China Camp,38.0075,-122.493333333,12158.0,1.02040816327,294.0,147.9,140.1,129.9,60.2,17.2,5.3,0.6,2.0,12.8,111.0,200.2,188.6,2.46,3.58,3.7,4.42,6.91,9.9,11.26,10.85,9.51,7.1,4.28,2.63,11.28,13.09,13.75,15.55,19.6,24.54,27.25,26.25,23.74,19.23,14.2,11.2,91.033333333333317,-78.26666666666667,-734.20888055034391,70.578801507408883,11.26,0.59999999999999998,10.66,13.303333333333333,161.75666666666669,182.02333333333331,13.303333333333333,219.67999999999998,27.25,11.199999999999999,29.387623690584014,78.039999999999992,35.569999999999993,12.226666666666667,26.013333333333332
China Camp,38.0075,-122.493333333,12521.0,1.40845070423,426.0,206.7,179.8,125.9,50.2,14.9,5.1,0.5,1.6,8.1,64.9,145.0,210.2,2.12,3.53,4.1,5.17,7.81,10.75,11.97,11.39,9.89,7.25,4.14,2.28,10.72,13.02,14.51,16.81,20.81,25.29,27.63,26.57,24.21,19.63,14.21,10.71,91.108333333333334,-77.70833333333334,-677.49200813716948,77.235428812746875,11.970000000000001,0.5,11.470000000000001,13.770000000000001,201.54333333333332,201.54333333333332,13.770000000000001,224.12,27.629999999999999,10.710000000000001,30.132678166672843,79.490000000000009,34.450000000000003,11.483333333333334,26.49666666666667
China Camp,38.0075,-122.493333333,12973.0,2.1186440678,472.0,137.4,142.6,133.3,65.2,20.6,6.9,0.7,1.9,8.7,60.6,112.7,140.2,1.22,2.97,4.2,5.73,8.44,11.11,12.14,11.57,10.17,7.41,3.9,1.53,10.24,12.63,14.35,16.83,20.88,25.29,27.61,26.6,24.33,19.7,14.1,10.35,75.932500000000005,-62.534166666666664,-546.62733100233095,54.262393073687171,12.140000000000001,0.69999999999999996,11.440000000000001,14.773333333333333,141.97333333333333,141.97333333333333,14.773333333333333,222.90999999999997,27.609999999999999,10.24,31.080123934131233,79.5,33.219999999999999,11.073333333333332,26.5
China Camp,38.0075,-122.493333333,13392.0,1.32158590308,454.0,189.9,166.7,119.1,55.8,21.2,9.1,1.0,2.6,10.2,63.6,123.6,184.7,3.08,4.43,4.51,5.12,7.52,10.42,11.5,10.62,8.81,6.27,3.76,2.74,11.54,13.62,14.5,16.31,20.15,24.73,27.1,25.9,23.35,18.9,14.01,11.2,85.523333333333326,-72.39333333333332,-689.46031746031724,68.240357479199133,11.5,1.0,10.5,15.079999999999998,183.84999999999999,183.84999999999999,14.909999999999998,221.31,27.100000000000001,11.199999999999999,28.187068867976013,77.72999999999999,36.359999999999999,12.119999999999999,25.449999999999999
China Camp,38.0075,-122.493333333,13818.0,2.39520958084,334.0,215.4,187.3,122.9,51.6,17.5,6.8,0.7,1.9,7.6,51.1,112.2,193.5,0.78,2.4,3.25,4.49,7.12,9.9,10.96,10.26,8.68,5.97,2.78,0.86,9.58,11.84,13.18,15.44,19.53,24.18,26.58,25.41,22.84,18.14,12.79,9.47,86.329166666666666,-75.08749999999999,-731.84697855750471,75.296182778227376,10.960000000000001,0.69999999999999996,10.260000000000002,13.506666666666666,200.08000000000001,200.08000000000001,13.366666666666667,208.98000000000002,26.579999999999998,9.4700000000000006,32.390349518763209,76.170000000000002,30.890000000000001,10.296666666666667,24.943333333333332
China Camp,38.0075,-122.493333333,14250.0,3.83561643836,365.0,251.0,229.7,175.1,75.6,24.3,9.1,0.9,2.7,11.9,88.7,187.0,255.9,5.1,6.43,6.25,6.33,8.03,10.26,11.01,10.27,8.99,7.11,5.18,4.56,12.71,14.6,15.17,16.58,19.98,24.23,26.56,25.64,23.61,19.66,15.11,12.42,116.78500000000001,-101.865,-1007.5667655786351,97.210561540400533,11.01,0.90000000000000002,10.109999999999999,14.746666666666664,250.89666666666665,250.89666666666665,14.746666666666664,226.27,26.559999999999999,12.42,24.710099960354199,76.430000000000007,39.730000000000004,13.243333333333334,25.47666666666667
China Camp,38.0075,-122.493333333,14689.0,3.81355932203,236.0,241.6,236.3,203.2,89.9,27.5,9.4,0.9,2.8,13.0,100.0,207.7,256.0,3.7,4.99,5.01,5.32,7.2,9.53,10.44,9.91,8.81,6.86,4.59,3.49,11.97,13.46,13.45,14.69,18.53,23.58,26.39,25.38,22.85,18.56,14.07,11.67,122.34583333333335,-109.03750000000001,-1142.9507337526206,98.884859766155415,10.44,0.90000000000000002,9.5399999999999991,14.326666666666668,248.6933333333333,248.6933333333333,14.326666666666668,214.59999999999997,26.390000000000001,11.67,27.52101934488228,75.349999999999994,37.100000000000001,12.366666666666667,25.116666666666664
China Camp,38.0075,-122.493333333,15135.0,1.32625994695,377.0,240.7,229.4,210.7,92.7,25.5,7.7,0.8,2.8,17.6,161.7,319.0,303.8,3.6,4.72,4.73,5.09,7.0,9.4,10.51,10.3,9.52,7.68,5.23,3.73,12.19,13.52,13.42,14.58,18.37,23.4,26.33,25.58,23.34,19.22,14.7,12.1,141.15916666666666,-127.57416666666666,-1313.8431170614488,116.23602715010044,10.51,0.80000000000000004,9.7099999999999991,13.836666666666668,261.98333333333335,292.01999999999998,13.836666666666668,216.74999999999997,26.329999999999998,12.1,27.017608333870253,75.310000000000002,37.810000000000002,12.996666666666664,25.103333333333335
Mountain Lake,37.78826,-122.470765,-49.0,0.0556096204643,14386.0,93.3,85.1,69.5,30.5,9.1,2.9,0.5,1.1,4.1,19.4,43.6,73.5,5.98,7.8,9.02,10.4,11.63,12.62,13.2,13.57,13.94,12.65,9.68,6.73,13.52,15.85,17.75,19.53,20.81,22.15,22.12,22.18,23.25,21.99,18.04,14.11,46.651666666666671,-25.448333333333334,-189.34771825396828,31.504431390238139,13.94,0.5,13.44,15.469999999999999,90.803333333333327,90.803333333333327,14.630000000000001,231.3,23.25,13.52,15.967536141199986,67.549999999999997,43.479999999999997,14.493333333333332,22.149999999999995
Mountain Lake,37.78826,-122.470765,-42.0,0.0766123415517,14358.0,93.3,85.1,69.5,30.5,9.1,2.9,0.5,1.1,4.1,19.4,43.6,73.5,5.98,7.8,9.02,10.4,11.63,12.62,13.2,13.57,13.94,12.65,9.68,6.73,13.52,15.85,17.75,19.53,20.81,22.15,22.12,22.18,23.25,21.99,18.04,14.11,46.651666666666671,-25.448333333333334,-189.34771825396828,31.504431390238139,13.94,0.5,13.44,15.469999999999999,90.803333333333327,90.803333333333327,14.630000000000001,231.3,23.25,13.52,15.967536141199986,67.549999999999997,43.479999999999997,14.493333333333332,22.149999999999995
Mountain Lake,37.78826,-122.470765,-34.0,0.173454520225,14413.0,93.3,85.1,69.5,30.5,9.1,2.9,0.5,1.1,4.1,19.4,43.6,73.5,5.98,7.8,9.02,10.4,11.63,12.62,13.2,13.57,13.94,12.65,9.68,6.73,13.52,15.85,17.75,19.53,20.81,22.15,22.12,22.18,23.25,21.99,18.04,14.11,46.651666666666671,-25.448333333333334,-189.34771825396828,31.504431390238139,13.94,0.5,13.44,15.469999999999999,90.803333333333327,90.803333333333327,14.630000000000001,231.3,23.25,13.52,15.967536141199986,67.549999999999997,43.479999999999997,14.493333333333332,22.149999999999995
Mountain Lake,37.78826,-122.470765,-26.0,0.103849349211,14444.0,93.3,85.1,69.5,30.5,9.1,2.9,0.5,1.1,4.1,19.4,43.6,73.5,5.98,7.8,9.02,10.4,11.63,12.62,13.2,13.57,13.94,12.65,9.68,6.73,13.52,15.85,17.75,19.53,20.81,22.15,22.12,22.18,23.25,21.99,18.04,14.11,46.651666666666671,-25.448333333333334,-189.34771825396828,31.504431390238139,13.94,0.5,13.44,15.469999999999999,90.803333333333327,90.803333333333327,14.630000000000001,231.3,23.25,13.52,15.967536141199986,67.549999999999997,43.479999999999997,14.493333333333332,22.149999999999995
Mountain Lake,37.78826,-122.470765,-19.0,0.110154905336,14525.0,108.2,87.7,65.9,28.2,8.7,2.9,0.5,1.4,5.8,28.5,62.8,96.5,6.28,7.47,7.76,8.59,9.95,11.57,12.66,13.17,13.42,12.19,9.57,7.06,13.63,15.42,16.55,17.95,19.48,21.48,21.95,22.11,22.97,21.64,17.89,14.28,51.399166666666666,-31.450833333333335,-243.42750257997938,36.707919095279095,13.42,0.5,12.92,15.65,104.40333333333335,104.40333333333335,14.066666666666668,225.35,22.969999999999999,13.630000000000001,15.932500118183892,67.030000000000001,43.329999999999998,14.443333333333333,21.846666666666664
Mountain Lake,37.78826,-122.470765,-11.0,0.0955696634583,14649.0,98.1,86.6,70.7,35.5,13.2,5.2,0.9,2.0,6.3,24.6,48.4,78.3,5.4,6.9,7.58,8.64,9.97,11.34,12.17,12.51,12.67,11.35,8.63,6.06,12.68,14.41,15.49,16.89,18.46,20.55,21.09,21.26,22.08,20.72,16.96,13.35,48.585000000000008,-29.715000000000003,-252.46389124893801,32.16837305491218,12.67,0.90000000000000002,11.77,15.516666666666666,93.786666666666676,93.786666666666676,14.706666666666665,213.94000000000003,22.079999999999998,12.68,16.935235385741972,64.430000000000007,40.439999999999998,13.479999999999999,20.966666666666669
Mountain Lake,37.78826,-122.470765,-3.0,0.0962662449288,14543.0,80.4,76.0,70.9,32.0,8.7,2.4,0.4,1.0,4.6,24.5,52.5,71.6,5.51,7.1,8.04,9.29,10.62,11.87,12.68,13.13,13.48,12.18,9.25,6.35,12.76,14.81,16.49,18.19,19.59,21.17,21.44,21.75,22.99,21.77,17.73,13.62,45.375,-25.45833333333334,-194.63557594291544,28.903648414459148,13.48,0.40000000000000002,13.08,22.963333333333335,82.320000000000007,82.649999999999991,13.826666666666668,222.31,22.989999999999998,12.76,17.080486571302057,66.509999999999991,41.189999999999998,14.686666666666667,21.453333333333333
Mountain Lake,37.78826,-122.470765,5.0,0.233564608092,14557.0,107.3,89.7,68.7,27.7,7.8,2.5,0.5,1.2,4.9,26.2,61.3,94.5,6.84,8.18,8.41,9.1,10.29,11.73,12.58,12.82,12.86,11.65,9.32,7.26,13.9,15.87,17.07,18.39,19.71,21.44,21.64,21.6,22.38,21.12,17.58,14.27,51.111666666666672,-30.938333333333336,-250.31014023732473,37.134335376964657,12.859999999999999,0.5,12.359999999999999,14.953333333333333,104.59333333333332,104.59333333333332,13.776666666666666,224.97,22.379999999999999,13.9,14.591553371065439,65.620000000000005,44.039999999999999,14.68,21.560000000000002
Mountain Lake,37.78826,-122.470765,13.0,0.200856989823,14936.0,107.3,89.7,68.7,27.7,7.8,2.5,0.5,1.2,4.9,26.2,61.3,94.5,6.84,8.18,8.41,9.1,10.29,11.73,12.58,12.82,12.86,11.65,9.32,7.26,13.9,15.87,17.07,18.39,19.71,21.44,21.64,21.6,22.38,21.12,17.58,14.27,51.111666666666672,-30.938333333333336,-250.31014023732473,37.134335376964657,12.859999999999999,0.5,12.359999999999999,14.953333333333333,104.59333333333332,104.59333333333332,13.776666666666666,224.97,22.379999999999999,13.9,14.591553371065439,65.620000000000005,44.039999999999999,14.68,21.560000000000002
Mountain Lake,37.78826,-122.470765,20.0,0.272795471595,14663.0,112.4,89.9,67.9,30.3,9.9,3.6,0.7,1.8,7.0,33.3,69.8,102.9,6.45,8.03,8.65,9.48,10.44,11.42,12.02,12.36,12.75,11.73,9.3,6.96,13.6,15.71,17.16,18.5,19.51,20.75,20.74,20.89,22.13,21.17,17.63,14.08,54.090833333333336,-34.159166666666664,-283.47856154910096,38.507090571809705,12.75,0.69999999999999996,12.050000000000001,26.313333333333333,108.88,108.88,13.966666666666667,221.87000000000003,22.129999999999999,13.6,14.129801727507768,64.189999999999998,43.390000000000001,14.463333333333333,20.793333333333333
Mountain Lake,37.78826,-122.470765,28.0,0.102207686018,14676.0,127.6,104.5,70.6,32.1,12.2,5.2,0.9,1.9,5.5,21.1,46.2,92.4,6.42,7.92,8.38,9.07,9.94,10.9,11.5,11.86,12.28,11.35,9.06,6.87,13.41,15.43,16.74,17.99,18.99,20.3,20.35,20.53,21.77,20.84,17.37,13.89,52.979166666666664,-33.72083333333333,-296.31663737551264,41.049502120069072,12.279999999999999,0.90000000000000002,11.379999999999999,21.330000000000002,115.23666666666666,115.23666666666666,14.086666666666666,217.61,21.77,13.41,14.05639411257193,63.140000000000001,42.730000000000004,14.243333333333334,20.393333333333334
Mountain Lake,37.78826,-122.470765,36.0,0.136091453457,14696.0,110.2,96.8,82.8,37.8,11.4,3.6,0.6,1.7,6.9,34.2,71.3,100.1,6.48,7.74,7.98,8.68,9.84,11.24,12.17,12.63,12.93,11.84,9.42,7.12,13.94,15.38,15.87,16.79,18.22,20.44,21.1,21.27,22.07,20.89,17.56,14.45,56.289166666666667,-36.61083333333334,-296.92484455258182,39.250405190760624,12.93,0.59999999999999998,12.33,15.643333333333333,109.48,109.48,13.979999999999999,217.97999999999996,22.07,13.94,14.529012734452934,64.439999999999998,43.770000000000003,14.590000000000002,20.936666666666667
Mountain Lake,37.78826,-122.470765,42.0,0.239873894867,14591.0,110.2,96.8,82.8,37.8,11.4,3.6,0.6,1.7,6.9,34.2,71.3,100.1,6.48,7.74,7.98,8.68,9.84,11.24,12.17,12.63,12.93,11.84,9.42,7.12,13.94,15.38,15.87,16.79,18.22,20.44,21.1,21.27,22.07,20.89,17.56,14.45,56.289166666666667,-36.61083333333334,-296.92484455258182,39.250405190760624,12.93,0.59999999999999998,12.33,15.643333333333333,109.48,109.48,13.979999999999999,217.97999999999996,22.07,13.94,14.529012734452934,64.439999999999998,43.770000000000003,14.590000000000002,20.936666666666667
Mountain Lake,37.78826,-122.470765,52.0,0.136677373061,14633.0,129.7,115.3,85.8,36.7,11.4,3.8,0.6,1.4,4.6,20.9,49.1,94.1,5.57,7.19,7.97,8.97,10.05,11.11,11.74,12.09,12.45,11.31,8.7,6.17,12.64,14.5,15.84,17.29,18.63,20.31,20.66,21.0,22.21,21.09,17.28,13.42,55.559999999999995,-36.67333333333333,-309.47960618846696,43.662662729919099,12.449999999999999,0.59999999999999998,11.85,20.916666666666668,119.34333333333332,119.34333333333332,13.58,214.87,22.210000000000001,12.640000000000001,16.489111774976731,64.299999999999997,40.560000000000002,13.520000000000001,20.656666666666666
Mountain Lake,37.78826,-122.470765,60.0,0.209884901828,14770.0,98.2,92.7,83.5,38.5,11.3,3.4,0.6,1.4,5.4,26.3,55.8,82.9,6.26,7.78,8.34,9.16,10.18,11.26,11.92,12.27,12.61,11.55,9.11,6.78,13.47,15.16,15.98,17.04,18.29,20.13,20.53,20.72,21.7,20.64,17.24,13.97,51.435000000000002,-31.898333333333337,-265.5981126838746,35.355564036419125,12.609999999999999,0.59999999999999998,12.01,23.176666666666666,98.206666666666663,98.926666666666662,13.616666666666667,214.86999999999998,21.699999999999999,13.470000000000001,14.435602727710062,63.060000000000002,42.600000000000001,14.869999999999999,20.459999999999997
Mountain Lake,37.78826,-122.470765,68.0,0.159489633174,15048.0,81.5,79.3,78.2,38.7,11.6,3.4,0.6,1.4,5.6,26.8,53.1,72.0,6.72,8.03,8.19,8.83,9.99,11.43,12.3,12.56,12.63,11.46,9.18,7.15,13.95,15.67,16.49,17.61,19.0,21.0,21.42,21.43,22.15,20.89,17.49,14.34,47.555833333333332,-27.810833333333335,-231.17899695206427,30.248929583907962,12.630000000000001,0.59999999999999998,12.030000000000001,15.030000000000001,84.899999999999991,87.313333333333333,13.896666666666667,221.44000000000003,22.149999999999999,13.949999999999999,14.424678027381876,65.0,43.960000000000001,15.369999999999999,21.283333333333335
Mountain Lake,37.78826,-122.470765,75.0,0.220127949371,14537.0,85.9,79.0,69.1,33.3,10.9,3.7,0.6,1.5,5.3,23.4,47.6,72.0,5.76,7.07,7.27,8.06,9.5,11.24,12.23,12.36,12.13,10.68,8.24,6.18,13.13,14.63,15.12,16.12,17.72,20.13,20.79,20.73,21.17,19.75,16.41,13.47,45.251666666666665,-26.798333333333332,-227.87698412698413,29.540379661669135,12.359999999999999,0.59999999999999998,11.76,14.706666666666665,85.303333333333342,85.303333333333342,13.876666666666667,209.16999999999996,21.170000000000002,13.130000000000001,15.586305038320509,62.689999999999998,41.230000000000004,13.743333333333334,20.550000000000001
Mountain Lake,37.78826,-122.470765,83.0,0.191780821918,14600.0,85.9,79.0,69.1,33.3,10.9,3.7,0.6,1.5,5.3,23.4,47.6,72.0,5.76,7.07,7.27,8.06,9.5,11.24,12.23,12.36,12.13,10.68,8.24,6.18,13.13,14.63,15.12,16.12,17.72,20.13,20.79,20.73,21.17,19.75,16.41,13.47,45.251666666666665,-26.798333333333332,-227.87698412698413,29.540379661669135,12.359999999999999,0.59999999999999998,11.76,14.706666666666665,85.303333333333342,85.303333333333342,13.876666666666667,209.16999999999996,21.170000000000002,13.130000000000001,15.586305038320509,62.689999999999998,41.230000000000004,13.743333333333334,20.550000000000001
Mountain Lake,37.78826,-122.470765,90.0,0.223531802479,14763.0,115.1,96.2,71.3,30.6,9.6,3.3,0.6,1.4,5.3,25.0,56.1,94.5,5.4,6.99,7.76,8.78,9.89,10.97,11.65,12.05,12.43,11.3,8.65,6.05,12.42,14.37,15.81,17.28,18.53,20.08,20.32,20.62,21.87,20.79,17.0,13.15,51.743333333333339,-33.089999999999996,-279.71259509721045,38.395517822903351,12.43,0.59999999999999998,11.83,22.493333333333329,108.08,108.08,13.323333333333332,212.24,21.870000000000001,12.42,16.391631272856394,63.280000000000001,39.939999999999998,13.313333333333333,20.34
Mountain Lake,37.78826,-122.470765,96.0,0.150623031631,14606.0,96.3,81.2,64.7,27.4,7.9,2.5,0.4,1.2,5.1,26.7,59.4,87.2,5.65,7.2,7.79,8.76,10.05,11.43,12.17,12.32,12.28,10.92,8.36,6.09,12.76,14.85,16.26,17.73,19.05,20.66,20.79,20.76,21.6,20.32,16.66,13.18,47.751666666666665,-28.914999999999996,-242.57550335570465,33.262668472160939,12.32,0.40000000000000002,11.92,14.49,94.546666666666667,94.546666666666667,13.339999999999998,214.61999999999998,21.600000000000001,12.76,15.831999924366022,63.149999999999999,40.789999999999999,13.596666666666666,20.736666666666668
Mountain Lake,37.78826,-122.470765,107.0,0.281748213304,14552.0,94.9,83.8,73.8,34.0,10.1,3.1,0.6,1.5,6.5,32.8,67.1,89.1,5.83,7.48,8.19,9.15,10.25,11.35,11.95,12.16,12.34,11.14,8.62,6.28,12.58,14.68,16.14,17.63,18.95,20.53,20.65,20.65,21.53,20.27,16.58,13.03,51.00333333333333,-31.88,-271.55025553662688,34.071406470659362,12.34,0.59999999999999998,11.74,15.016666666666666,95.796666666666667,95.796666666666667,13.553333333333333,213.22,21.530000000000001,12.58,16.060468200684827,62.829999999999998,40.289999999999999,13.43,20.609999999999999
Mountain Lake,37.78826,-122.470765,117.0,0.13056624519,14552.0,106.2,91.2,78.9,40.5,15.2,6.1,1.2,2.8,9.6,39.0,72.4,98.3,5.98,7.54,8.1,8.84,9.67,10.54,11.09,11.47,11.97,11.08,8.75,6.47,13.27,15.04,16.03,17.15,18.28,19.91,20.2,20.46,21.63,20.67,17.23,13.82,56.074999999999996,-37.49166666666667,-348.11203961621783,36.957112869739525,11.970000000000001,1.2,10.770000000000001,28.640000000000001,105.23,105.23,14.4,213.68999999999997,21.629999999999999,13.27,14.421666009970849,62.760000000000005,42.129999999999995,14.043333333333331,20.190000000000001
Mountain Lake,37.78826,-122.470765,135.0,0.154238197425,14912.0,112.2,91.8,76.9,34.9,10.8,3.7,0.7,2.0,8.9,46.4,93.6,115.1,6.37,7.82,8.23,8.89,9.77,10.77,11.42,11.84,12.31,11.41,9.11,6.88,13.39,15.32,16.52,17.74,18.84,20.32,20.48,20.66,21.81,20.83,17.34,13.89,59.318333333333335,-40.181666666666665,-346.09532012632786,41.947352684313969,12.31,0.69999999999999996,11.610000000000001,30.953333333333333,113.39,114.42,13.476666666666665,217.14000000000004,21.809999999999999,13.390000000000001,14.322179762543815,63.299999999999997,42.600000000000001,14.873333333333335,20.486666666666665
Mountain Lake,37.78826,-122.470765,153.0,0.144389438944,14544.0,91.3,81.9,76.9,37.1,11.2,3.5,0.6,1.7,7.7,38.6,74.6,90.4,5.95,7.51,8.09,8.91,9.91,10.95,11.56,11.84,12.13,11.06,8.66,6.4,13.22,15.14,16.22,17.47,18.8,20.6,20.85,20.79,21.52,20.26,16.79,13.56,52.372500000000002,-33.54416666666666,-290.92945938132402,34.186778176413959,12.130000000000001,0.59999999999999998,11.530000000000001,15.176666666666668,94.486666666666679,94.486666666666679,13.383333333333333,215.21999999999997,21.52,13.220000000000001,14.969339265907392,63.159999999999997,41.920000000000002,13.973333333333334,20.746666666666666
Mountain Lake,37.78826,-122.470765,191.0,0.255913681007,14458.0,122.5,110.6,89.0,38.0,10.8,3.3,0.5,1.3,5.2,25.7,58.7,97.6,6.27,7.77,8.11,8.74,9.68,10.76,11.37,11.57,11.76,10.73,8.54,6.57,13.72,15.42,16.14,17.16,18.51,20.51,20.91,20.88,21.54,20.31,17.01,14.02,56.255833333333328,-37.61083333333334,-334.02161042036715,42.955951170614554,11.76,0.5,11.26,13.9,117.10333333333334,117.10333333333334,12.933333333333332,216.13,21.539999999999999,13.720000000000001,14.175573941923789,63.329999999999998,43.160000000000004,14.386666666666668,20.766666666666666
Mountain Lake,37.78826,-122.470765,230.0,0.1246278474,14443.0,143.7,126.2,96.5,46.9,17.9,7.3,1.3,2.6,7.4,27.8,57.7,106.3,7.43,8.63,8.52,8.75,9.48,10.57,11.31,11.71,12.14,11.41,9.52,7.76,14.53,15.79,15.98,16.62,17.83,19.96,20.66,21.0,22.05,21.15,18.05,15.06,63.235833333333325,-43.6975,-403.11346863468634,48.339527038496726,12.140000000000001,1.3,10.84,24.353333333333335,133.34,133.34,14.930000000000001,218.68000000000004,22.050000000000001,14.529999999999999,13.196822834559155,64.199999999999989,45.379999999999995,15.126666666666665,20.540000000000003
Mountain Lake,37.78826,-122.470765,386.0,0.0967051184638,14477.0,101.5,94.3,78.4,37.0,12.2,4.1,0.7,1.5,5.0,21.3,45.4,77.4,5.56,7.22,7.95,8.85,9.84,10.8,11.34,11.6,11.9,10.81,8.34,6.01,12.58,14.43,15.64,17.05,18.47,20.32,20.7,20.86,21.81,20.56,16.83,13.21,49.085000000000001,-30.714999999999993,-274.24107142857133,34.881792409030055,11.9,0.69999999999999996,11.200000000000001,14.013333333333334,97.329999999999998,98.310000000000002,13.346666666666666,212.46,21.809999999999999,12.58,16.478324178310093,63.370000000000005,40.219999999999999,14.216666666666667,20.626666666666665
Mountain Lake,37.78826,-122.470765,425.0,0.203901311765,14713.0,124.0,103.7,75.7,32.6,10.4,3.6,0.6,1.5,5.4,25.0,56.4,98.8,6.33,7.57,7.86,8.62,9.82,11.26,12.23,12.71,13.03,11.9,9.41,7.01,13.08,14.72,15.73,17.11,18.72,20.88,21.52,21.8,22.71,21.38,17.58,13.87,54.620833333333337,-34.99583333333334,-281.54330919817647,41.302992921888311,13.029999999999999,0.59999999999999998,12.43,15.156666666666666,115.80333333333334,115.80333333333334,13.966666666666667,219.10000000000002,22.710000000000001,13.08,16.865420804618143,66.030000000000001,41.670000000000002,13.890000000000001,21.400000000000002
Mountain Lake,37.78826,-122.470765,464.0,0.268650547634,14517.0,99.7,87.9,72.8,33.0,10.2,3.3,0.6,1.4,5.6,26.7,56.6,85.7,6.17,7.32,7.31,7.92,9.24,10.96,12.01,12.28,12.23,10.95,8.64,6.64,13.27,14.75,15.3,16.35,17.93,20.29,20.99,21.08,21.69,20.34,16.91,13.76,49.597499999999997,-30.985833333333332,-265.28966894977168,34.513523949557317,12.279999999999999,0.59999999999999998,11.68,14.706666666666665,97.810000000000002,97.810000000000002,13.516666666666666,212.65999999999997,21.690000000000001,13.27,15.720977727321891,63.759999999999991,41.780000000000001,13.926666666666668,20.786666666666665
